date_game,team,ml_odds
2021-01-13,PIT,-110
2021-01-13,PHI,100
2021-01-13,MTL,132
2021-01-13,TOR,-145
2021-01-13,CHI,230
2021-01-13,TBL,-260
2021-01-13,VAN,135
2021-01-13,EDM,-150
2021-01-13,STL,135
2021-01-13,COL,-150
2021-01-14,BOS,-138
2021-01-14,NJD,118
2021-01-14,WSH,113
2021-01-14,BUF,-133
2021-01-14,NYI,-110
2021-01-14,NYR,-110
2021-01-14,CAR,-205
2021-01-14,DET,172
2021-01-14,CGY,-110
2021-01-14,WPG,-110
2021-01-14,CBJ,100
2021-01-14,NSH,-120
2021-01-14,SJS,-105
2021-01-14,ARI,-115
2021-01-14,VAN,100
2021-01-14,EDM,-120
2021-01-14,MIN,-115
2021-01-14,LAK,-105
2021-01-14,ANA,180
2021-01-14,VGK,-215
2021-01-15,PIT,-107
2021-01-15,PHI,-113
2021-01-15,WSH,-133
2021-01-15,BUF,113
2021-01-15,CHI,245
2021-01-15,TBL,-300
2021-01-15,TOR,-155
2021-01-15,OTT,135
2021-01-15,STL,133
2021-01-15,COL,-153
2021-01-16,BOS,-185
2021-01-16,NJD,160
2021-01-16,SJS,107
2021-01-16,ARI,-127
2021-01-16,MTL,-110
2021-01-16,EDM,-110
2021-01-16,TOR,-210
2021-01-16,OTT,176
2021-01-16,NYI,-117
2021-01-16,NYR,-103
2021-01-16,CAR,-220
2021-01-16,DET,184
2021-01-16,CBJ,-102
2021-01-16,NSH,-118
2021-01-16,MIN,-145
2021-01-16,LAK,125
2021-01-16,VAN,110
2021-01-16,CGY,-130
2021-01-16,ANA,192
2021-01-16,VGK,-230
2021-01-17,WSH,105
2021-01-17,PIT,-125
2021-01-17,CHI,140
2021-01-17,FLA,-160
2021-01-18,CBJ,-165
2021-01-18,DET,144
2021-01-18,BOS,-133
2021-01-18,NYI,113
2021-01-18,WPG,135
2021-01-18,TOR,-155
2021-01-18,BUF,144
2021-01-18,PHI,-165
2021-01-18,SJS,166
2021-01-18,STL,-195
2021-01-18,CAR,-118
2021-01-18,NSH,-102
2021-01-18,MTL,-110
2021-01-18,EDM,-110
2021-01-18,VAN,115
2021-01-18,CGY,-135
2021-01-18,MIN,-133
2021-01-18,ANA,113
2021-01-18,ARI,160
2021-01-18,VGK,-185
2021-01-19,NJD,129
2021-01-19,NYR,-149
2021-01-19,CHI,143
2021-01-19,FLA,-164
2021-01-19,BUF,134
2021-01-19,PHI,-154
2021-01-19,WPG,-110
2021-01-19,OTT,-110
2021-01-19,WSH,104
2021-01-19,PIT,-124
2021-01-19,CBJ,-179
2021-01-19,DET,154
2021-01-19,COL,-229
2021-01-19,LAK,191
2021-01-20,EDM,130
2021-01-20,TOR,-150
2021-01-20,SJS,151
2021-01-20,STL,-175
2021-01-20,MIN,-130
2021-01-20,ANA,110
2021-01-20,MTL,-120
2021-01-20,VAN,100
2021-01-20,ARI,172
2021-01-20,VGK,-205
2021-01-21,WPG,-127
2021-01-21,OTT,107
2021-01-21,PHI,113
2021-01-21,BOS,-133
2021-01-21,TBL,-175
2021-01-21,CBJ,151
2021-01-21,NJD,125
2021-01-21,NYI,-145
2021-01-21,MTL,-128
2021-01-21,VAN,108
2021-01-21,COL,-280
2021-01-21,LAK,230
2021-01-22,BUF,-135
2021-01-22,WSH,115
2021-01-22,NYR,140
2021-01-22,PIT,-160
2021-01-22,EDM,132
2021-01-22,TOR,-152
2021-01-22,SJS,143
2021-01-22,MIN,-163
2021-01-22,DET,120
2021-01-22,CHI,-140
2021-01-22,NSH,-105
2021-01-22,DAL,-115
2021-01-22,VGK,-155
2021-01-22,ARI,135
2021-01-22,COL,-220
2021-01-22,ANA,184
2021-01-23,MTL,-150
2021-01-23,VAN,130
2021-01-23,PHI,140
2021-01-23,BOS,-160
2021-01-23,TBL,-170
2021-01-23,CBJ,148
2021-01-23,LAK,172
2021-01-23,STL,-205
2021-01-23,OTT,115
2021-01-23,WPG,-135
2021-01-24,DET,110
2021-01-24,CHI,-130
2021-01-24,TOR,-105
2021-01-24,CGY,-115
2021-01-24,VGK,-170
2021-01-24,ARI,148
2021-01-24,BUF,-122
2021-01-24,WSH,102
2021-01-24,NYR,113
2021-01-24,PIT,-133
2021-01-24,NYI,-135
2021-01-24,NJD,115
2021-01-24,LAK,170
2021-01-24,STL,-200
2021-01-24,COL,-205
2021-01-24,ANA,172
2021-01-24,NSH,-110
2021-01-24,DAL,-110
2021-01-24,SJS,135
2021-01-24,MIN,-155
2021-01-24,EDM,-110
2021-01-24,WPG,-110
2021-01-25,OTT,130
2021-01-25,VAN,-150
2021-01-26,FLA,107
2021-01-26,CBJ,-127
2021-01-26,PHI,-155
2021-01-26,NJD,135
2021-01-26,PIT,117
2021-01-26,BOS,-137
2021-01-26,NYI,-160
2021-01-26,WSH,140
2021-01-26,NYR,-105
2021-01-26,BUF,-115
2021-01-26,CHI,148
2021-01-26,NSH,-170
2021-01-26,EDM,-110
2021-01-26,WPG,-110
2021-01-26,LAK,135
2021-01-26,MIN,-155
2021-01-26,DET,176
2021-01-26,DAL,-210
2021-01-26,ANA,113
2021-01-26,ARI,-133
2021-01-26,TOR,-112
2021-01-26,CGY,-108
2021-01-26,SJS,174
2021-01-26,COL,-208
2021-01-26,STL,122
2021-01-26,VGK,-142
2021-01-27,CHI,151
2021-01-27,NSH,-175
2021-01-27,OTT,140
2021-01-27,VAN,-160
2021-01-28,PHI,-157
2021-01-28,NJD,137
2021-01-28,PIT,102
2021-01-28,BOS,-122
2021-01-28,TBL,-142
2021-01-28,CAR,122
2021-01-28,FLA,-108
2021-01-28,CBJ,-112
2021-01-28,NYI,-133
2021-01-28,WSH,113
2021-01-28,CGY,113
2021-01-28,MTL,-133
2021-01-28,NYR,-110
2021-01-28,BUF,-110
2021-01-28,LAK,132
2021-01-28,MIN,-152
2021-01-28,DET,166
2021-01-28,DAL,-195
2021-01-28,ANA,120
2021-01-28,ARI,-140
2021-01-28,SJS,207
2021-01-28,COL,-250
2021-01-28,TOR,-135
2021-01-28,EDM,115
2021-01-28,OTT,130
2021-01-28,VAN,-150
2021-01-29,CBJ,-115
2021-01-29,CHI,-105
2021-01-30,NJD,123
2021-01-30,BUF,-143
2021-01-30,DAL,108
2021-01-30,CAR,-128
2021-01-30,NYI,-103
2021-01-30,PHI,-117
2021-01-30,NSH,148
2021-01-30,TBL,-170
2021-01-30,BOS,-143
2021-01-30,WSH,123
2021-01-30,CGY,113
2021-01-30,MTL,-133
2021-01-30,TOR,-127
2021-01-30,EDM,107
2021-01-30,FLA,-175
2021-01-30,DET,151
2021-01-30,PIT,-108
2021-01-30,NYR,-112
2021-01-30,COL,-145
2021-01-30,MIN,125
2021-01-30,STL,-165
2021-01-30,ANA,144
2021-01-30,VAN,102
2021-01-30,WPG,-122
2021-01-31,NJD,139
2021-01-31,BUF,-159
2021-01-31,DAL,119
2021-01-31,CAR,-139
2021-01-31,FLA,-185
2021-01-31,DET,160
2021-01-31,NYI,110
2021-01-31,PHI,-130
2021-01-31,CBJ,-130
2021-01-31,CHI,110
2021-01-31,COL,-160
2021-01-31,MIN,140
2021-01-31,STL,-165
2021-01-31,ANA,144
2021-01-31,OTT,180
2021-01-31,EDM,-215
2021-02-01,VAN,139
2021-02-01,MTL,-159
2021-02-01,BOS,-145
2021-02-01,WSH,125
2021-02-01,NSH,151
2021-02-01,TBL,-175
2021-02-01,PIT,-111
2021-02-01,NYR,-109
2021-02-01,CGY,-120
2021-02-01,WPG,100
2021-02-02,DAL,-115
2021-02-02,CBJ,-105
2021-02-02,VAN,135
2021-02-02,MTL,-155
2021-02-02,ARI,144
2021-02-02,STL,-165
2021-02-02,CGY,-1210
2021-02-02,WPG,760
2021-02-02,CAR,-185
2021-02-02,CHI,160
2021-02-02,MIN,152
2021-02-02,COL,-177
2021-02-02,OTT,184
2021-02-02,EDM,-220
2021-02-02,ANA,-101
2021-02-02,LAK,-118
2021-02-03,DET,267
2021-02-03,TBL,-330
2021-02-03,BOS,-127
2021-02-03,PHI,107
2021-02-04,NSH,107
2021-02-04,FLA,-127
2021-02-04,VAN,155
2021-02-04,TOR,-180
2021-02-04,OTT,218
2021-02-04,MTL,-265
2021-02-04,WSH,-102
2021-02-04,NYR,-118
2021-02-04,DAL,-117
2021-02-04,CBJ,-103
2021-02-04,CGY,-125
2021-02-04,WPG,105
2021-02-04,CAR,-180
2021-02-04,CHI,155
2021-02-04,ARI,144
2021-02-04,STL,-165
2021-02-05,BOS,-138
2021-02-05,PHI,118
2021-02-05,NSH,-103
2021-02-05,FLA,-117
2021-02-05,DET,289
2021-02-05,TBL,-360
2021-02-05,SJS,-105
2021-02-05,ANA,-115
2021-02-05,LAK,180
2021-02-05,VGK,-215
2021-02-06,MTL,-265
2021-02-06,OTT,218
2021-02-06,PIT,-110
2021-02-06,NYI,-110
2021-02-06,VAN,163
2021-02-06,TOR,-190
2021-02-06,SJS,-107
2021-02-06,ANA,-113
2021-02-06,EDM,-110
2021-02-06,CGY,-110
2021-02-06,ARI,135
2021-02-06,STL,-155
2021-02-07,PHI,-105
2021-02-07,WSH,-115
2021-02-07,DET,199
2021-02-07,FLA,-240
2021-02-07,CAR,-145
2021-02-07,CBJ,125
2021-02-07,LAK,215
2021-02-07,VGK,-260
2021-02-07,CHI,151
2021-02-07,DAL,-175
2021-02-08,CAR,-140
2021-02-08,CBJ,120
2021-02-08,NYI,-108
2021-02-08,NYR,-112
2021-02-08,EDM,-180
2021-02-08,OTT,155
2021-02-08,VAN,172
2021-02-08,TOR,-205
2021-02-08,TBL,-153
2021-02-08,NSH,133
2021-02-08,ARI,130
2021-02-08,STL,-150
2021-02-09,EDM,-205
2021-02-09,OTT,172
2021-02-09,DET,176
2021-02-09,FLA,-210
2021-02-09,TBL,-170
2021-02-09,NSH,148
2021-02-09,CHI,135
2021-02-09,DAL,-155
2021-02-09,SJS,-113
2021-02-09,LAK,-107
2021-02-09,ANA,199
2021-02-09,VGK,-240
2021-02-09,WPG,115
2021-02-09,CGY,-135
2021-02-10,BOS,-155
2021-02-10,NYR,135
2021-02-10,TOR,-101
2021-02-10,MTL,-119
2021-02-11,EDM,120
2021-02-11,MTL,-140
2021-02-11,PIT,-105
2021-02-11,NYI,-115
2021-02-11,TBL,-165
2021-02-11,FLA,144
2021-02-11,OTT,166
2021-02-11,WPG,-195
2021-02-11,DET,184
2021-02-11,NSH,-220
2021-02-11,CBJ,-110
2021-02-11,CHI,-110
2021-02-11,CAR,-118
2021-02-11,DAL,-102
2021-02-11,SJS,-108
2021-02-11,LAK,-112
2021-02-11,ANA,192
2021-02-11,VGK,-230
2021-02-11,CGY,-130
2021-02-11,VAN,110
2021-02-12,BOS,-177
2021-02-12,NYR,152
2021-02-12,STL,-130
2021-02-12,ARI,110
2021-02-13,OTT,172
2021-02-13,WPG,-205
2021-02-13,STL,-128
2021-02-13,ARI,108
2021-02-13,BOS,-140
2021-02-13,NYI,120
2021-02-13,TBL,-150
2021-02-13,FLA,130
2021-02-13,MTL,-105
2021-02-13,TOR,-115
2021-02-13,DET,151
2021-02-13,NSH,-175
2021-02-13,CAR,-123
2021-02-13,DAL,103
2021-02-13,CBJ,-105
2021-02-13,CHI,-115
2021-02-13,CGY,-130
2021-02-13,VAN,110
2021-02-13,VGK,-170
2021-02-13,SJS,148
2021-02-14,WSH,-104
2021-02-14,PIT,-116
2021-02-14,COL,-101
2021-02-14,VGK,-119
2021-02-15,STL,-125
2021-02-15,ARI,105
2021-02-15,NYI,-145
2021-02-15,BUF,125
2021-02-15,OTT,234
2021-02-15,TOR,-285
2021-02-15,CHI,-137
2021-02-15,DET,117
2021-02-15,WPG,108
2021-02-15,EDM,-128
2021-02-15,CGY,-130
2021-02-15,VAN,110
2021-02-15,ANA,-107
2021-02-15,SJS,-113
2021-02-15,CBJ,157
2021-02-15,CAR,-182
2021-02-15,FLA,144
2021-02-15,TBL,-165
2021-02-16,NYI,-125
2021-02-16,BUF,105
2021-02-16,WSH,105
2021-02-16,PIT,-125
2021-02-16,MIN,-125
2021-02-16,LAK,105
2021-02-16,COL,-105
2021-02-16,VGK,-115
2021-02-16,NJD,120
2021-02-16,NYR,-140
2021-02-17,OTT,252
2021-02-17,TOR,-310
2021-02-17,CHI,-130
2021-02-17,DET,110
2021-02-17,VAN,135
2021-02-17,CGY,-155
2021-02-17,WPG,120
2021-02-17,EDM,-140
2021-02-17,FLA,135
2021-02-17,CAR,-155
2021-02-18,OTT,256
2021-02-18,TOR,-315
2021-02-18,NYI,100
2021-02-18,PIT,-120
2021-02-18,NJD,199
2021-02-18,BOS,-240
2021-02-18,NSH,-105
2021-02-18,CBJ,-115
2021-02-18,NYR,130
2021-02-18,PHI,-150
2021-02-18,SJS,180
2021-02-18,STL,-215
2021-02-18,LAK,140
2021-02-18,ARI,-160
2021-02-18,MIN,-128
2021-02-18,ANA,108
2021-02-18,BUF,151
2021-02-18,WSH,-175
2021-02-19,CHI,172
2021-02-19,CAR,-205
2021-02-19,FLA,-175
2021-02-19,DET,151
2021-02-19,EDM,-107
2021-02-19,CGY,-113
2021-02-19,WPG,-107
2021-02-19,VAN,-113
2021-02-20,BUF,102
2021-02-20,NJD,-122
2021-02-20,VGK,-107
2021-02-20,COL,-113
2021-02-20,NYI,100
2021-02-20,PIT,-120
2021-02-20,TOR,-112
2021-02-20,MTL,-108
2021-02-20,NYR,122
2021-02-20,WSH,-142
2021-02-20,NSH,105
2021-02-20,CBJ,-125
2021-02-20,LAK,146
2021-02-20,ARI,-167
2021-02-20,SJS,155
2021-02-20,STL,-180
2021-02-20,MIN,-135
2021-02-20,ANA,115
2021-02-20,CGY,100
2021-02-20,EDM,-120
2021-02-20,FLA,-175
2021-02-20,DET,151
2021-02-20,TBL,-153
2021-02-20,CAR,133
2021-02-21,PHI,163
2021-02-21,BOS,-190
2021-02-21,MTL,-225
2021-02-21,OTT,188
2021-02-21,WPG,-107
2021-02-21,VAN,-113
2021-02-21,NJD,144
2021-02-21,WSH,-165
2021-02-22,CGY,132
2021-02-22,TOR,-152
2021-02-22,LAK,148
2021-02-22,STL,-170
2021-02-22,VGK,110
2021-02-22,COL,-130
2021-02-22,ANA,135
2021-02-22,ARI,-155
2021-02-22,DAL,-110
2021-02-22,FLA,-110
2021-02-22,BUF,135
2021-02-22,NYI,-155
2021-02-22,TBL,-122
2021-02-22,CAR,102
2021-02-22,MIN,-150
2021-02-22,SJS,130
2021-02-23,MTL,-225
2021-02-23,OTT,188
2021-02-23,PIT,105
2021-02-23,WSH,-125
2021-02-23,CHI,105
2021-02-23,CBJ,-125
2021-02-23,NSH,-160
2021-02-23,DET,140
2021-02-23,EDM,-125
2021-02-23,VAN,105
2021-02-23,BUF,105
2021-02-23,NJD,-125
2021-02-24,CGY,120
2021-02-24,TOR,-140
2021-02-24,NYR,100
2021-02-24,PHI,-120
2021-02-24,ANA,133
2021-02-24,ARI,-153
2021-02-24,LAK,140
2021-02-24,STL,-160
2021-02-24,CAR,118
2021-02-24,TBL,-138
2021-02-24,DAL,-108
2021-02-24,FLA,-112
2021-02-24,MIN,148
2021-02-24,COL,-170
2021-02-25,CHI,-
2021-02-25,CBJ,-
2021-02-25,DAL,110
2021-02-25,FLA,-130
2021-02-25,CAR,123
2021-02-25,TBL,-143
2021-02-25,PIT,-110
2021-02-25,WSH,-110
2021-02-25,CGY,-150
2021-02-25,OTT,130
2021-02-25,BOS,-128
2021-02-25,NYI,108
2021-02-25,NSH,-145
2021-02-25,DET,125
2021-02-25,MTL,-115
2021-02-25,WPG,-105
2021-02-25,EDM,-128
2021-02-25,VAN,108
2021-02-25,NJD,-115
2021-02-25,BUF,-105
2021-02-26,BOS,-166
2021-02-26,NYR,145
2021-02-26,LAK,151
2021-02-26,MIN,-175
2021-02-26,COL,-185
2021-02-26,ARI,160
2021-02-27,WSH,-135
2021-02-27,NJD,115
2021-02-27,CGY,-155
2021-02-27,OTT,135
2021-02-27,CBJ,113
2021-02-27,NSH,-133
2021-02-27,DAL,163
2021-02-27,TBL,-190
2021-02-27,TOR,-110
2021-02-27,EDM,-110
2021-02-27,CAR,-122
2021-02-27,FLA,102
2021-02-27,PIT,105
2021-02-27,NYI,-125
2021-02-27,DET,143
2021-02-27,CHI,-163
2021-02-27,LAK,152
2021-02-27,MIN,-177
2021-02-27,COL,-170
2021-02-27,ARI,148
2021-02-27,VGK,-215
2021-02-27,ANA,180
2021-02-27,MTL,-125
2021-02-27,WPG,105
2021-02-27,STL,-158
2021-02-27,SJS,138
2021-02-27,PHI,-143
2021-02-27,BUF,123
2021-02-28,BOS,-150
2021-02-28,NYR,130
2021-02-28,CBJ,110
2021-02-28,NSH,-130
2021-02-28,PHI,-165
2021-02-28,BUF,144
2021-02-28,PIT,-101
2021-02-28,NYI,-119
2021-02-28,DET,144
2021-02-28,CHI,-165
2021-02-28,WSH,-140
2021-02-28,NJD,120
2021-03-01,CGY,-165
2021-03-01,OTT,144
2021-03-01,CAR,-122
2021-03-01,FLA,102
2021-03-01,VAN,107
2021-03-01,WPG,-127
2021-03-01,STL,-155
2021-03-01,ANA,135
2021-03-01,TOR,-120
2021-03-01,EDM,100
2021-03-01,MIN,120
2021-03-01,VGK,-140
2021-03-01,COL,-185
2021-03-01,SJS,160
2021-03-02,BUF,130
2021-03-02,NYR,-150
2021-03-02,PHI,-105
2021-03-02,PIT,-115
2021-03-02,OTT,215
2021-03-02,MTL,-260
2021-03-02,DET,155
2021-03-02,CBJ,-180
2021-03-02,VAN,115
2021-03-02,WPG,-135
2021-03-02,NYI,-145
2021-03-02,NJD,125
2021-03-02,CAR,-126
2021-03-02,NSH,106
2021-03-02,TBL,-165
2021-03-02,DAL,144
2021-03-03,WSH,135
2021-03-03,BOS,-155
2021-03-03,TOR,-108
2021-03-03,EDM,-112
2021-03-03,STL,-155
2021-03-03,ANA,135
2021-03-03,MIN,130
2021-03-03,VGK,-150
2021-03-03,COL,-220
2021-03-03,SJS,184
2021-03-03,ARI,-117
2021-03-03,LAK,-103
2021-03-04,PHI,-125
2021-03-04,PIT,105
2021-03-04,DET,245
2021-03-04,CAR,-300
2021-03-04,WPG,133
2021-03-04,MTL,-153
2021-03-04,FLA,-132
2021-03-04,NSH,112
2021-03-04,TBL,-225
2021-03-04,CHI,188
2021-03-04,CBJ,130
2021-03-04,DAL,-150
2021-03-04,OTT,176
2021-03-04,CGY,-210
2021-03-04,TOR,-158
2021-03-04,VAN,138
2021-03-04,BUF,160
2021-03-04,NYI,-185
2021-03-04,NYR,-117
2021-03-04,NJD,-103
2021-03-05,WSH,117
2021-03-05,BOS,-137
2021-03-05,TBL,-190
2021-03-05,CHI,163
2021-03-05,MIN,-140
2021-03-05,ARI,120
2021-03-05,STL,-127
2021-03-05,LAK,107
2021-03-05,ANA,218
2021-03-05,COL,-265
2021-03-05,VGK,-210
2021-03-05,SJS,176
2021-03-06,BUF,170
2021-03-06,NYI,-200
2021-03-06,NYR,-125
2021-03-06,NJD,105
2021-03-06,PHI,-112
2021-03-06,PIT,-108
2021-03-06,FLA,-145
2021-03-06,NSH,125
2021-03-06,WPG,123
2021-03-06,MTL,-143
2021-03-06,TOR,-170
2021-03-06,VAN,148
2021-03-06,MIN,-140
2021-03-06,ARI,120
2021-03-06,ANA,215
2021-03-06,COL,-260
2021-03-06,CBJ,115
2021-03-06,DAL,-135
2021-03-06,STL,-137
2021-03-06,LAK,117
2021-03-06,CGY,110
2021-03-06,EDM,-130
2021-03-06,VGK,-215
2021-03-06,SJS,180
2021-03-07,BUF,187
2021-03-07,NYI,-224
2021-03-07,TBL,-200
2021-03-07,CHI,170
2021-03-07,FLA,130
2021-03-07,CAR,-150
2021-03-07,NJD,221
2021-03-07,BOS,-268
2021-03-07,WSH,-109
2021-03-07,PHI,-111
2021-03-07,NYR,130
2021-03-07,PIT,-150
2021-03-07,NSH,129
2021-03-07,DAL,-149
2021-03-07,OTT,162
2021-03-07,CGY,-189
2021-03-08,VGK,-125
2021-03-08,MIN,105
2021-03-08,OTT,203
2021-03-08,EDM,-245
2021-03-08,ARI,163
2021-03-08,COL,-190
2021-03-08,MTL,-151
2021-03-08,VAN,131
2021-03-08,LAK,-118
2021-03-08,ANA,-102
2021-03-08,STL,-147
2021-03-08,SJS,127
2021-03-09,NYR,135
2021-03-09,PIT,-155
2021-03-09,BUF,199
2021-03-09,PHI,-240
2021-03-09,NSH,172
2021-03-09,CAR,-205
2021-03-09,NJD,172
2021-03-09,WSH,-205
2021-03-09,BOS,-119
2021-03-09,NYI,-101
2021-03-09,FLA,-120
2021-03-09,CBJ,100
2021-03-09,WPG,160
2021-03-09,TOR,-185
2021-03-09,TBL,-350
2021-03-09,DET,281
2021-03-09,CHI,115
2021-03-09,DAL,-135
2021-03-10,VGK,-113
2021-03-10,MIN,-107
2021-03-10,OTT,199
2021-03-10,EDM,-240
2021-03-10,ARI,152
2021-03-10,COL,-177
2021-03-10,LAK,-125
2021-03-10,ANA,105
2021-03-10,MTL,-140
2021-03-10,VAN,120
2021-03-11,WSH,-107
2021-03-11,PHI,-113
2021-03-11,FLA,-125
2021-03-11,CBJ,105
2021-03-11,WPG,152
2021-03-11,TOR,-177
2021-03-11,NSH,163
2021-03-11,CAR,-190
2021-03-11,NJD,184
2021-03-11,NYI,-220
2021-03-11,PIT,-185
2021-03-11,BUF,160
2021-03-11,NYR,166
2021-03-11,BOS,-195
2021-03-11,TBL,-330
2021-03-11,DET,267
2021-03-11,CHI,125
2021-03-11,DAL,-145
2021-03-11,MTL,-110
2021-03-11,CGY,-110
2021-03-12,ARI,140
2021-03-12,MIN,-160
2021-03-12,VGK,-135
2021-03-12,STL,115
2021-03-12,OTT,192
2021-03-12,EDM,-230
2021-03-12,LAK,184
2021-03-12,COL,-220
2021-03-12,SJS,-110
2021-03-12,ANA,-110
2021-03-13,NYR,160
2021-03-13,BOS,-185
2021-03-13,DAL,-125
2021-03-13,CBJ,105
2021-03-13,WPG,160
2021-03-13,TOR,-185
2021-03-13,NYI,-165
2021-03-13,NJD,144
2021-03-13,NSH,222
2021-03-13,TBL,-270
2021-03-13,PIT,-210
2021-03-13,BUF,176
2021-03-13,MTL,-110
2021-03-13,CGY,-110
2021-03-13,CHI,130
2021-03-13,FLA,-150
2021-03-13,WSH,105
2021-03-13,PHI,-125
2021-03-13,VGK,-112
2021-03-13,STL,-108
2021-03-13,EDM,-133
2021-03-13,VAN,113
2021-03-13,SJS,-115
2021-03-13,ANA,-105
2021-03-14,ARI,166
2021-03-14,MIN,-195
2021-03-14,CAR,-235
2021-03-14,DET,195
2021-03-14,NYI,-181
2021-03-14,NJD,156
2021-03-14,DAL,-120
2021-03-14,CBJ,100
2021-03-14,TOR,199
2021-03-14,OTT,-240
2021-03-14,LAK,192
2021-03-14,COL,-230
2021-03-15,NSH,252
2021-03-15,TBL,-310
2021-03-15,BOS,-113
2021-03-15,PIT,-107
2021-03-15,VAN,-175
2021-03-15,OTT,151
2021-03-15,PHI,-113
2021-03-15,NYR,-107
2021-03-15,CHI,150
2021-03-15,FLA,-173
2021-03-15,WSH,-215
2021-03-15,BUF,180
2021-03-15,MTL,-120
2021-03-15,WPG,100
2021-03-15,EDM,-110
2021-03-15,CGY,-110
2021-03-15,SJS,207
2021-03-15,VGK,-250
2021-03-16,BOS,-107
2021-03-16,PIT,-113
2021-03-16,BUF,140
2021-03-16,NJD,-160
2021-03-16,NYI,-110
2021-03-16,WSH,-110
2021-03-16,CAR,-245
2021-03-16,DET,203
2021-03-16,ARI,170
2021-03-16,MIN,-200
2021-03-16,TBL,-152
2021-03-16,DAL,132
2021-03-16,ANA,237
2021-03-16,COL,-290
2021-03-17,VAN,-156
2021-03-17,OTT,136
2021-03-17,PHI,-132
2021-03-17,NYR,112
2021-03-17,MTL,-117
2021-03-17,WPG,-103
2021-03-17,STL,-145
2021-03-17,LAK,125
2021-03-17,SJS,195
2021-03-17,VGK,-235
2021-03-17,EDM,-108
2021-03-17,CGY,-112
2021-03-18,NSH,172
2021-03-18,FLA,-205
2021-03-18,CHI,207
2021-03-18,TBL,-250
2021-03-18,CBJ,163
2021-03-18,CAR,-190
2021-03-18,PHI,124
2021-03-18,NYI,-144
2021-03-18,PIT,-165
2021-03-18,NJD,144
2021-03-18,DAL,-180
2021-03-18,DET,155
2021-03-18,MIN,140
2021-03-18,COL,-160
2021-03-18,WPG,117
2021-03-18,EDM,-137
2021-03-18,ARI,-130
2021-03-18,ANA,110
2021-03-18,BOS,-265
2021-03-18,BUF,218
2021-03-19,CGY,143
2021-03-19,TOR,-163
2021-03-19,VAN,155
2021-03-19,MTL,-180
2021-03-19,NYR,125
2021-03-19,WSH,-145
2021-03-19,STL,-157
2021-03-19,SJS,137
2021-03-19,VGK,-200
2021-03-19,LAK,170
2021-03-20,PIT,-158
2021-03-20,NJD,138
2021-03-20,NSH,176
2021-03-20,FLA,-210
2021-03-20,MIN,144
2021-03-20,COL,-165
2021-03-20,CHI,211
2021-03-20,TBL,-255
2021-03-20,PHI,118
2021-03-20,NYI,-138
2021-03-20,CGY,132
2021-03-20,TOR,-152
2021-03-20,VAN,152
2021-03-20,MTL,-177
2021-03-20,CBJ,166
2021-03-20,CAR,-195
2021-03-20,DAL,-183
2021-03-20,DET,158
2021-03-20,NYR,123
2021-03-20,WSH,-143
2021-03-20,ARI,-127
2021-03-20,ANA,107
2021-03-20,STL,-145
2021-03-20,SJS,125
2021-03-20,WPG,125
2021-03-20,EDM,-145
2021-03-21,NJD,170
2021-03-21,PIT,-200
2021-03-21,FLA,130
2021-03-21,TBL,-150
2021-03-21,VGK,-180
2021-03-21,LAK,155
2021-03-21,NSH,148
2021-03-21,DAL,-170
2021-03-22,BUF,188
2021-03-22,NYR,-225
2021-03-22,CAR,-160
2021-03-22,CBJ,140
2021-03-22,CGY,-173
2021-03-22,OTT,150
2021-03-22,NYI,-131
2021-03-22,PHI,111
2021-03-22,ANA,188
2021-03-22,MIN,-225
2021-03-22,COL,-211
2021-03-22,ARI,177
2021-03-22,WPG,-120
2021-03-22,VAN,100
2021-03-22,STL,131
2021-03-22,VGK,-151
2021-03-22,LAK,-130
2021-03-22,SJS,110
2021-03-23,NJD,144
2021-03-23,PHI,-165
2021-03-23,FLA,-150
2021-03-23,CHI,130
2021-03-23,DET,125
2021-03-23,NSH,-145
2021-03-23,TBL,-170
2021-03-23,DAL,148
2021-03-23,COL,-235
2021-03-23,ARI,195
2021-03-24,CGY,-180
2021-03-24,OTT,155
2021-03-24,ANA,195
2021-03-24,MIN,-235
2021-03-24,BUF,226
2021-03-24,PIT,-275
2021-03-24,LAK,-108
2021-03-24,SJS,-112
2021-03-24,WPG,-137
2021-03-24,VAN,117
2021-03-25,NYR,-108
2021-03-25,PHI,-112
2021-03-25,NYI,-105
2021-03-25,BOS,-115
2021-03-25,TOR,-255
2021-03-25,OTT,211
2021-03-25,NJD,158
2021-03-25,WSH,-183
2021-03-25,CAR,-165
2021-03-25,CBJ,144
2021-03-25,BUF,245
2021-03-25,PIT,-300
2021-03-25,DET,160
2021-03-25,NSH,-185
2021-03-25,FLA,-133
2021-03-25,CHI,113
2021-03-25,STL,115
2021-03-25,MIN,-135
2021-03-25,TBL,-170
2021-03-25,DAL,148
2021-03-25,VGK,140
2021-03-25,COL,-160
2021-03-26,NJD,176
2021-03-26,WSH,-210
2021-03-26,ANA,188
2021-03-26,STL,-225
2021-03-26,SJS,102
2021-03-26,ARI,-122
2021-03-26,WPG,102
2021-03-26,CGY,-122
2021-03-27,NYR,-120
2021-03-27,PHI,100
2021-03-27,BUF,292
2021-03-27,BOS,-365
2021-03-27,VGK,145
2021-03-27,COL,-166
2021-03-27,CBJ,-168
2021-03-27,DET,146
2021-03-27,TBL,-115
2021-03-27,CAR,-105
2021-03-27,EDM,138
2021-03-27,TOR,-158
2021-03-27,NYI,-110
2021-03-27,PIT,-110
2021-03-27,FLA,-110
2021-03-27,DAL,-110
2021-03-27,NSH,-103
2021-03-27,CHI,-117
2021-03-27,WPG,100
2021-03-27,CGY,-120
2021-03-27,SJS,100
2021-03-27,ARI,-120
2021-03-28,NYR,117
2021-03-28,WSH,-137
2021-03-28,CBJ,-160
2021-03-28,DET,140
2021-03-28,ANA,192
2021-03-28,STL,-230
2021-03-28,NJD,167
2021-03-28,BOS,-197
2021-03-28,FLA,-103
2021-03-28,DAL,-117
2021-03-28,NSH,-107
2021-03-28,CHI,-113
2021-03-29,NYI,-110
2021-03-29,PIT,-110
2021-03-29,EDM,135
2021-03-29,TOR,-155
2021-03-29,PHI,-190
2021-03-29,BUF,163
2021-03-29,ANA,277
2021-03-29,COL,-344
2021-03-29,LAK,176
2021-03-29,VGK,-210
2021-03-29,WPG,-102
2021-03-29,CGY,-118
2021-03-29,MIN,-165
2021-03-29,SJS,144
2021-03-30,WSH,-115
2021-03-30,NYR,-105
2021-03-30,NJD,160
2021-03-30,BOS,-185
2021-03-30,DET,199
2021-03-30,FLA,-240
2021-03-30,CBJ,207
2021-03-30,TBL,-250
2021-03-30,CAR,-170
2021-03-30,CHI,148
2021-03-30,DAL,-119
2021-03-30,NSH,-101
2021-03-30,EDM,115
2021-03-30,MTL,-135
2021-03-31,TOR,-143
2021-03-31,WPG,123
2021-03-31,PHI,-200
2021-03-31,BUF,170
2021-03-31,ARI,245
2021-03-31,COL,-300
2021-03-31,LAK,192
2021-03-31,VGK,-230
2021-03-31,MIN,-160
2021-03-31,SJS,140
2021-04-01,DET,203
2021-04-01,FLA,-245
2021-04-01,WSH,-103
2021-04-01,NYI,-117
2021-04-01,NYR,-200
2021-04-01,BUF,170
2021-04-01,CBJ,226
2021-04-01,TBL,-275
2021-04-01,PIT,110
2021-04-01,BOS,-130
2021-04-01,MTL,-225
2021-04-01,OTT,188
2021-04-01,CAR,-173
2021-04-01,CHI,150
2021-04-01,DAL,-127
2021-04-01,NSH,107
2021-04-01,MIN,158
2021-04-01,VGK,-183
2021-04-02,WSH,-160
2021-04-02,NJD,140
2021-04-02,TOR,-137
2021-04-02,WPG,117
2021-04-02,CGY,117
2021-04-02,EDM,-137
2021-04-02,STL,192
2021-04-02,COL,-230
2021-04-02,SJS,105
2021-04-02,LAK,-125
2021-04-02,ARI,-117
2021-04-02,ANA,-103
2021-04-03,PIT,-103
2021-04-03,BOS,-117
2021-04-03,DET,317
2021-04-03,TBL,-400
2021-04-03,CHI,103
2021-04-03,NSH,-123
2021-04-03,CBJ,128
2021-04-03,FLA,-148
2021-04-03,OTT,195
2021-04-03,MTL,-235
2021-04-03,PHI,135
2021-04-03,NYI,-155
2021-04-03,NYR,-230
2021-04-03,BUF,192
2021-04-03,DAL,140
2021-04-03,CAR,-160
2021-04-03,STL,195
2021-04-03,COL,-235
2021-04-03,MIN,127
2021-04-03,VGK,-147
2021-04-03,SJS,110
2021-04-03,LAK,-130
2021-04-04,DET,303
2021-04-04,TBL,-380
2021-04-04,WSH,-155
2021-04-04,NJD,135
2021-04-04,CBJ,148
2021-04-04,FLA,-170
2021-04-04,DAL,144
2021-04-04,CAR,-165
2021-04-04,TOR,-155
2021-04-04,CGY,135
2021-04-04,ARI,-125
2021-04-04,ANA,105
2021-04-05,EDM,107
2021-04-05,MTL,-127
2021-04-05,PHI,152
2021-04-05,BOS,-177
2021-04-05,COL,-170
2021-04-05,MIN,148
2021-04-05,VGK,-130
2021-04-05,STL,110
2021-04-05,TOR,-145
2021-04-05,CGY,125
2021-04-05,ARI,115
2021-04-05,LAK,-135
2021-04-05,OTT,176
2021-04-05,WPG,-210
2021-04-06,BUF,140
2021-04-06,NJD,-160
2021-04-06,PIT,-105
2021-04-06,NYR,-115
2021-04-06,TBL,-200
2021-04-06,CBJ,170
2021-04-06,BOS,-120
2021-04-06,PHI,100
2021-04-06,WSH,115
2021-04-06,NYI,-135
2021-04-06,FLA,125
2021-04-06,CAR,-145
2021-04-06,NSH,-155
2021-04-06,DET,135
2021-04-06,DAL,-125
2021-04-06,CHI,105
2021-04-06,ANA,140
2021-04-06,SJS,-160
2021-04-07,EDM,-185
2021-04-07,OTT,160
2021-04-07,MTL,127
2021-04-07,TOR,-147
2021-04-07,VGK,-160
2021-04-07,STL,140
2021-04-07,COL,-185
2021-04-07,MIN,160
2021-04-07,ARI,100
2021-04-07,LAK,-120
2021-04-08,FLA,125
2021-04-08,CAR,-145
2021-04-08,TBL,-210
2021-04-08,CBJ,176
2021-04-08,WPG,104
2021-04-08,MTL,-124
2021-04-08,PIT,-101
2021-04-08,NYR,-119
2021-04-08,BOS,-110
2021-04-08,WSH,-110
2021-04-08,PHI,138
2021-04-08,NYI,-158
2021-04-08,NJD,-120
2021-04-08,BUF,100
2021-04-08,NSH,-155
2021-04-08,DET,135
2021-04-08,DAL,-120
2021-04-08,CHI,100
2021-04-08,EDM,-200
2021-04-08,OTT,170
2021-04-09,NYR,125
2021-04-09,NYI,-145
2021-04-09,PIT,-160
2021-04-09,NJD,140
2021-04-09,WSH,-250
2021-04-09,BUF,207
2021-04-09,MIN,-108
2021-04-09,STL,-112
2021-04-09,ARI,195
2021-04-09,VGK,-235
2021-04-09,COL,-340
2021-04-09,ANA,274
2021-04-09,LAK,107
2021-04-09,SJS,-127
2021-04-10,FLA,-110
2021-04-10,DAL,-110
2021-04-10,BOS,-115
2021-04-10,PHI,-105
2021-04-10,WPG,115
2021-04-10,MTL,-135
2021-04-10,CHI,-110
2021-04-10,CBJ,-110
2021-04-10,OTT,274
2021-04-10,TOR,-340
2021-04-10,DET,289
2021-04-10,CAR,-360
2021-04-10,TBL,-183
2021-04-10,NSH,158
2021-04-10,MIN,-115
2021-04-10,STL,-105
2021-04-10,LAK,113
2021-04-10,SJS,-133
2021-04-10,EDM,-115
2021-04-10,CGY,-105
2021-04-11,BUF,192
2021-04-11,PHI,-230
2021-04-11,ARI,199
2021-04-11,VGK,-240
2021-04-11,PIT,-190
2021-04-11,NJD,163
2021-04-11,NYR,105
2021-04-11,NYI,-125
2021-04-11,COL,-345
2021-04-11,ANA,278
2021-04-11,DAL,-112
2021-04-11,NSH,-108
2021-04-11,WSH,-112
2021-04-11,BOS,-108
2021-04-12,WPG,-186
2021-04-12,OTT,160
2021-04-12,TOR,-140
2021-04-12,MTL,120
2021-04-12,DET,317
2021-04-12,CAR,-400
2021-04-12,CHI,-120
2021-04-12,CBJ,100
2021-04-12,ARI,303
2021-04-12,COL,-380
2021-04-12,VGK,-195
2021-04-12,LAK,166
2021-04-12,ANA,151
2021-04-12,SJS,-175
2021-04-13,NYR,-180
2021-04-13,NJD,155
2021-04-13,BUF,260
2021-04-13,BOS,-320
2021-04-13,PHI,140
2021-04-13,WSH,-160
2021-04-13,CGY,163
2021-04-13,TOR,-190
2021-04-13,TBL,-180
2021-04-13,NSH,155
2021-04-13,FLA,-110
2021-04-13,DAL,-110
2021-04-14,WPG,-175
2021-04-14,OTT,151
2021-04-14,CGY,133
2021-04-14,MTL,-153
2021-04-14,VGK,-195
2021-04-14,LAK,166
2021-04-14,ARI,172
2021-04-14,MIN,-205
2021-04-14,COL,-190
2021-04-14,STL,163
2021-04-14,ANA,148
2021-04-14,SJS,-170
2021-04-15,WPG,154
2021-04-15,TOR,-179
2021-04-15,NSH,166
2021-04-15,CAR,-195
2021-04-15,FLA,130
2021-04-15,TBL,-150
2021-04-15,PHI,144
2021-04-15,PIT,-165
2021-04-15,NJD,199
2021-04-15,NYR,-240
2021-04-15,BUF,252
2021-04-15,WSH,-310
2021-04-15,NYI,-105
2021-04-15,BOS,-115
2021-04-15,CHI,-160
2021-04-15,DET,140
2021-04-15,CBJ,166
2021-04-15,DAL,-195
2021-04-16,CGY,125
2021-04-16,MTL,-145
2021-04-16,NYI,-102
2021-04-16,BOS,-118
2021-04-16,SJS,163
2021-04-16,MIN,-190
2021-04-16,VGK,-230
2021-04-16,ANA,192
2021-04-17,NJD,199
2021-04-17,NYR,-240
2021-04-17,WSH,-135
2021-04-17,PHI,115
2021-04-17,PIT,-275
2021-04-17,BUF,226
2021-04-17,STL,-135
2021-04-17,ARI,115
2021-04-17,FLA,140
2021-04-17,TBL,-160
2021-04-17,CHI,-150
2021-04-17,DET,130
2021-04-17,NSH,160
2021-04-17,CAR,-185
2021-04-17,CBJ,163
2021-04-17,DAL,-190
2021-04-17,SJS,163
2021-04-17,MIN,-190
2021-04-17,EDM,100
2021-04-17,WPG,-120
2021-04-17,OTT,163
2021-04-17,MTL,-190
2021-04-18,WSH,120
2021-04-18,BOS,-140
2021-04-18,NYR,-210
2021-04-18,NJD,176
2021-04-18,PIT,-280
2021-04-18,BUF,230
2021-04-18,VGK,-260
2021-04-18,ANA,215
2021-04-18,NYI,-143
2021-04-18,PHI,123
2021-04-18,TOR,-300
2021-04-18,VAN,245
2021-04-19,CAR,102
2021-04-19,TBL,-122
2021-04-19,CBJ,199
2021-04-19,FLA,-240
2021-04-19,DET,195
2021-04-19,DAL,-235
2021-04-19,CHI,120
2021-04-19,NSH,-140
2021-04-19,MIN,-147
2021-04-19,ARI,127
2021-04-19,OTT,176
2021-04-19,CGY,-210
2021-04-19,MTL,112
2021-04-19,EDM,-132
2021-04-19,SJS,215
2021-04-19,VGK,-260
2021-04-20,CAR,101
2021-04-20,TBL,-121
2021-04-20,CBJ,180
2021-04-20,FLA,-215
2021-04-20,NYR,110
2021-04-20,NYI,-130
2021-04-20,NJD,238
2021-04-20,PIT,-291
2021-04-20,DET,192
2021-04-20,DAL,-231
2021-04-20,ANA,121
2021-04-20,LAK,-141
2021-04-20,BOS,-285
2021-04-20,BUF,234
2021-04-20,TOR,-291
2021-04-20,VAN,238
2021-04-21,NSH,-120
2021-04-21,CHI,100
2021-04-21,MIN,-138
2021-04-21,ARI,118
2021-04-21,SJS,215
2021-04-21,VGK,-260
2021-04-21,MTL,105
2021-04-21,EDM,-125
2021-04-22,WSH,-105
2021-04-22,NYI,-115
2021-04-22,BOS,-315
2021-04-22,BUF,256
2021-04-22,CAR,-110
2021-04-22,FLA,-110
2021-04-22,CBJ,234
2021-04-22,TBL,-285
2021-04-22,NJD,245
2021-04-22,PIT,-300
2021-04-22,PHI,128
2021-04-22,NYR,-148
2021-04-22,DAL,-185
2021-04-22,DET,160
2021-04-22,COL,-147
2021-04-22,STL,127
2021-04-22,OTT,140
2021-04-22,VAN,-160
2021-04-22,TOR,-140
2021-04-22,WPG,120
2021-04-23,PHI,140
2021-04-23,NYR,-160
2021-04-23,BOS,-340
2021-04-23,BUF,274
2021-04-23,NSH,-122
2021-04-23,CHI,102
2021-04-23,MIN,-160
2021-04-23,LAK,140
2021-04-23,MTL,-110
2021-04-23,CGY,-110
2021-04-24,NJD,252
2021-04-24,PIT,-310
2021-04-24,COL,-165
2021-04-24,STL,144
2021-04-24,CAR,-125
2021-04-24,FLA,105
2021-04-24,TOR,-140
2021-04-24,WPG,120
2021-04-24,DAL,-195
2021-04-24,DET,166
2021-04-24,MTL,-103
2021-04-24,CGY,-117
2021-04-24,WSH,-103
2021-04-24,NYI,-117
2021-04-24,MIN,-145
2021-04-24,SJS,125
2021-04-24,ARI,-110
2021-04-24,LAK,-110
2021-04-24,OTT,120
2021-04-24,VAN,-140
2021-04-24,VGK,-265
2021-04-24,ANA,218
2021-04-25,BOS,-110
2021-04-25,PIT,-110
2021-04-25,BUF,240
2021-04-25,NYR,-300
2021-04-25,NJD,145
2021-04-25,PHI,-170
2021-04-25,CBJ,240
2021-04-25,TBL,-300
2021-04-26,VAN,-120
2021-04-26,OTT,100
2021-04-26,CAR,-130
2021-04-26,DAL,110
2021-04-26,EDM,-105
2021-04-26,WPG,-115
2021-04-26,FLA,-130
2021-04-26,NSH,110
2021-04-26,MTL,100
2021-04-26,CGY,-120
2021-04-26,ANA,140
2021-04-26,LAK,-165
2021-04-26,ARI,-110
2021-04-26,SJS,-110
2021-04-26,COL,-165
2021-04-26,STL,140
2021-04-27,BOS,-110
2021-04-27,PIT,-110
2021-04-27,BUF,230
2021-04-27,NYR,-280
2021-04-27,DET,125
2021-04-27,CBJ,-145
2021-04-27,NYI,100
2021-04-27,WSH,-120
2021-04-27,PHI,-130
2021-04-27,NJD,110
2021-04-27,FLA,-130
2021-04-27,NSH,110
2021-04-27,TBL,-220
2021-04-27,CHI,180
2021-04-27,CAR,-130
2021-04-27,DAL,110
2021-04-28,VAN,-120
2021-04-28,OTT,100
2021-04-28,STL,120
2021-04-28,MIN,-140
2021-04-28,TOR,-130
2021-04-28,MTL,110
2021-04-28,EDM,-115
2021-04-28,WPG,-105
2021-04-28,COL,-105
2021-04-28,VGK,-115
2021-04-28,ANA,135
2021-04-28,LAK,-160
2021-04-28,ARI,-115
2021-04-28,SJS,-105
2021-04-29,NYI,-110
2021-04-29,NYR,-110
2021-04-29,PHI,-130
2021-04-29,NJD,110
2021-04-29,DET,300
2021-04-29,CAR,-380
2021-04-29,PIT,-110
2021-04-29,WSH,-110
2021-04-29,BUF,290
2021-04-29,BOS,-360
2021-04-29,FLA,-150
2021-04-29,CHI,130
2021-04-29,CGY,125
2021-04-29,EDM,-145
2021-04-29,DAL,160
2021-04-29,TBL,-190
2021-04-29,VAN,235
2021-04-29,TOR,-290
2021-04-29,STL,115
2021-04-29,MIN,-135
2021-04-30,WPG,100
2021-04-30,MTL,-120
2021-04-30,SJS,210
2021-04-30,COL,-260
2021-04-30,LAK,-125
2021-04-30,ANA,105
2021-04-30,VGK,-190
2021-04-30,ARI,160
2021-05-01,BUF,310
2021-05-01,BOS,-400
2021-05-01,TBL,-355
2021-05-01,DET,285
2021-05-01,PIT,-110
2021-05-01,WSH,-110
2021-05-01,NJD,135
2021-05-01,PHI,-160
2021-05-01,NYR,115
2021-05-01,NYI,-135
2021-05-01,CBJ,235
2021-05-01,CAR,-290
2021-05-01,OTT,180
2021-05-01,MTL,-220
2021-05-01,VAN,240
2021-05-01,TOR,-300
2021-05-01,SJS,225
2021-05-01,COL,-275
2021-05-01,DAL,-110
2021-05-01,NSH,-110
2021-05-01,FLA,-160
2021-05-01,CHI,135
2021-05-01,LAK,-130
2021-05-01,ANA,110
2021-05-01,CGY,110
2021-05-01,EDM,-130
2021-05-01,VGK,-190
2021-05-01,ARI,160
2021-05-01,STL,125
2021-05-01,MIN,-145
2021-05-02,TBL,-310
2021-05-02,DET,250
2021-05-03,NYI,-310
2021-05-03,BUF,250
2021-05-03,PIT,-130
2021-05-03,PHI,110
2021-05-03,CHI,190
2021-05-03,CAR,-235
2021-05-03,WSH,-110
2021-05-03,NYR,-110
2021-05-03,NSH,-165
2021-05-03,CBJ,140
2021-05-03,BOS,-225
2021-05-03,NJD,185
2021-05-03,WPG,-170
2021-05-03,OTT,145
2021-05-03,TOR,-135
2021-05-03,MTL,115
2021-05-03,DAL,125
2021-05-03,FLA,-145
2021-05-03,ANA,230
2021-05-03,STL,-280
2021-05-03,VGK,-125
2021-05-03,MIN,105
2021-05-03,LAK,135
2021-05-03,ARI,-160
2021-05-03,COL,-220
2021-05-03,SJS,180
2021-05-03,EDM,-185
2021-05-03,VAN,155
2021-05-04,BOS,-210
2021-05-04,NJD,175
2021-05-04,CHI,185
2021-05-04,CAR,-225
2021-05-04,PIT,-150
2021-05-04,PHI,130
2021-05-04,NYI,-270
2021-05-04,BUF,220
2021-05-04,EDM,-190
2021-05-04,VAN,160
2021-05-05,NSH,-180
2021-05-05,CBJ,150
2021-05-05,WSH,-115
2021-05-05,NYR,-105
2021-05-05,DAL,140
2021-05-05,TBL,-165
2021-05-05,ANA,205
2021-05-05,STL,-255
2021-05-05,VGK,-125
2021-05-05,MIN,105
2021-05-05,WPG,-110
2021-05-05,CGY,-110
2021-05-05,LAK,130
2021-05-05,ARI,-150
2021-05-05,COL,-280
2021-05-05,SJS,230
2021-05-05,MTL,-170
2021-05-05,OTT,145
2021-05-06,NJD,205
2021-05-06,NYI,-255
2021-05-06,NYR,175
2021-05-06,BOS,-210
2021-05-06,BUF,295
2021-05-06,PIT,-370
2021-05-06,CHI,230
2021-05-06,CAR,-280
2021-05-06,MTL,160
2021-05-06,TOR,-190
2021-05-06,VAN,210
2021-05-06,EDM,-260
2021-05-07,DET,120
2021-05-07,CBJ,-140
2021-05-07,PHI,165
2021-05-07,WSH,-195
2021-05-07,DAL,135
2021-05-07,TBL,-160
2021-05-07,ANA,225
2021-05-07,MIN,-275
2021-05-07,STL,130
2021-05-07,VGK,-150
2021-05-07,COL,-270
2021-05-07,LAK,220
2021-05-07,ARI,-115
2021-05-07,SJS,-105
2021-05-08,TBL,-115
2021-05-08,FLA,-105
2021-05-08,PHI,160
2021-05-08,WSH,-190
2021-05-08,MTL,170
2021-05-08,TOR,-200
2021-05-08,DET,120
2021-05-08,CBJ,-140
2021-05-08,NYR,250
2021-05-08,BOS,-310
2021-05-08,BUF,295
2021-05-08,PIT,-370
2021-05-08,NJD,215
2021-05-08,NYI,-265
2021-05-08,OTT,155
2021-05-08,WPG,-185
2021-05-08,ANA,235
2021-05-08,MIN,-290
2021-05-08,CAR,-130
2021-05-08,NSH,110
2021-05-08,STL,145
2021-05-08,VGK,-170
2021-05-08,COL,-280
2021-05-08,LAK,230
2021-05-08,ARI,-110
2021-05-08,SJS,-110
2021-05-08,VAN,235
2021-05-08,EDM,-290
2021-05-09,DAL,-170
2021-05-09,CHI,145
2021-05-09,OTT,170
2021-05-09,CGY,-200
2021-05-10,NJD,130
2021-05-10,PHI,-150
2021-05-10,CAR,-130
2021-05-10,NSH,110
2021-05-10,DAL,-160
2021-05-10,CHI,135
2021-05-10,EDM,-110
2021-05-10,MTL,-110
2021-05-10,NYI,140
2021-05-10,BOS,-165
2021-05-10,TBL,-110
2021-05-10,FLA,-110
2021-05-10,VAN,150
2021-05-10,WPG,-180
2021-05-10,STL,-140
2021-05-10,LAK,120
2021-05-10,COL,-110
2021-05-10,VGK,-110
2021-05-11,BOS,-110
2021-05-11,WSH,-110
2021-05-11,VAN,140
2021-05-11,WPG,-165
2021-05-12,EDM,-110
2021-05-12,MTL,-110
2021-05-12,TOR,-220
2021-05-12,OTT,180
2021-05-12,VGK,-190
2021-05-12,SJS,160
2021-05-12,LAK,275
2021-05-12,COL,-345
2021-05-12,MIN,-110
2021-05-12,STL,-110
2021-05-13,MIN,-120
2021-05-13,STL,100
2021-05-13,VAN,155
2021-05-13,CGY,-185
2021-05-13,LAK,315
2021-05-13,COL,-410
2021-05-14,TOR,-165
2021-05-14,WPG,140
2021-05-15,VAN,180
2021-05-15,EDM,-220
2021-05-16,CGY,-130
2021-05-16,VAN,110
2021-05-18,CGY,-135
2021-05-18,VAN,115
2021-05-19,VAN,145
2021-05-19,CGY,-170
2021-10-12,PIT,120
2021-10-12,TBL,-140
2021-10-12,SEA,235
2021-10-12,VGK,-290
2021-10-13,NYR,115
2021-10-13,WSH,-135
2021-10-13,MTL,160
2021-10-13,TOR,-190
2021-10-13,VAN,150
2021-10-13,EDM,-180
2021-10-13,CHI,255
2021-10-13,COL,-315
2021-10-13,WPG,-150
2021-10-13,ANA,130
2021-10-14,TOR,-170
2021-10-14,OTT,145
2021-10-14,MTL,-130
2021-10-14,BUF,110
2021-10-14,PIT,140
2021-10-14,FLA,-165
2021-10-14,NYI,105
2021-10-14,CAR,-125
2021-10-14,DAL,105
2021-10-14,NYR,-125
2021-10-14,ARI,115
2021-10-14,CBJ,-135
2021-10-14,TBL,-255
2021-10-14,DET,205
2021-10-14,SEA,120
2021-10-14,NSH,-140
2021-10-14,VGK,-150
2021-10-14,LAK,130
2021-10-15,CHI,105
2021-10-15,NJD,-125
2021-10-15,VAN,130
2021-10-15,PHI,-150
2021-10-15,MIN,-165
2021-10-15,ANA,140
2021-10-16,ARI,-105
2021-10-16,BUF,-115
2021-10-16,NYI,115
2021-10-16,FLA,-135
2021-10-16,TBL,-115
2021-10-16,WSH,-105
2021-10-16,NYR,100
2021-10-16,MTL,-120
2021-10-16,DAL,145
2021-10-16,BOS,-170
2021-10-16,SEA,-105
2021-10-16,CBJ,-115
2021-10-16,OTT,190
2021-10-16,TOR,-235
2021-10-16,CHI,160
2021-10-16,PIT,-190
2021-10-16,VAN,-115
2021-10-16,DET,-105
2021-10-16,CAR,-105
2021-10-16,NSH,-115
2021-10-16,STL,150
2021-10-16,COL,-180
2021-10-16,CGY,120
2021-10-16,EDM,-140
2021-10-16,WPG,-120
2021-10-16,SJS,100
2021-10-16,MIN,-145
2021-10-16,LAK,125
2021-10-17,DAL,557
2021-10-17,OTT,-181
2021-10-18,NYR,155
2021-10-18,TOR,-185
2021-10-18,SEA,135
2021-10-18,PHI,-160
2021-10-18,ANA,145
2021-10-18,CGY,-170
2021-10-18,STL,-140
2021-10-18,ARI,120
2021-10-19,DAL,115
2021-10-19,PIT,-135
2021-10-19,SJS,115
2021-10-19,MTL,-135
2021-10-19,SEA,125
2021-10-19,NJD,-145
2021-10-19,VAN,-130
2021-10-19,BUF,110
2021-10-19,FLA,120
2021-10-19,TBL,-140
2021-10-19,COL,110
2021-10-19,WSH,-130
2021-10-19,CBJ,105
2021-10-19,DET,-125
2021-10-19,WPG,130
2021-10-19,MIN,-150
2021-10-19,LAK,125
2021-10-19,NSH,-145
2021-10-19,NYI,-115
2021-10-19,CHI,-105
2021-10-19,ANA,185
2021-10-19,EDM,-225
2021-10-20,BOS,-125
2021-10-20,PHI,105
2021-10-20,STL,120
2021-10-20,VGK,-140
2021-10-21,NYI,-135
2021-10-21,CBJ,115
2021-10-21,WSH,-135
2021-10-21,NJD,115
2021-10-21,COL,100
2021-10-21,FLA,-120
2021-10-21,SJS,-105
2021-10-21,OTT,-115
2021-10-21,CAR,-115
2021-10-21,MTL,-105
2021-10-21,CGY,-125
2021-10-21,DET,105
2021-10-21,NYR,-110
2021-10-21,NSH,-110
2021-10-21,ANA,160
2021-10-21,WPG,-190
2021-10-21,VAN,105
2021-10-21,CHI,-125
2021-10-21,EDM,-190
2021-10-21,ARI,160
2021-10-22,SJS,160
2021-10-22,TOR,-190
2021-10-22,BOS,-180
2021-10-22,BUF,150
2021-10-22,LAK,130
2021-10-22,DAL,-150
2021-10-22,EDM,125
2021-10-22,VGK,-145
2021-10-23,NYR,-150
2021-10-23,OTT,130
2021-10-23,CGY,140
2021-10-23,WSH,-165
2021-10-23,ANA,225
2021-10-23,MIN,-275
2021-10-23,COL,100
2021-10-23,TBL,-120
2021-10-23,TOR,-125
2021-10-23,PIT,105
2021-10-23,CAR,-150
2021-10-23,CBJ,130
2021-10-23,FLA,-115
2021-10-23,PHI,-105
2021-10-23,NSH,110
2021-10-23,WPG,-130
2021-10-23,BUF,145
2021-10-23,NJD,-170
2021-10-23,DET,135
2021-10-23,MTL,-160
2021-10-23,LAK,145
2021-10-23,STL,-170
2021-10-23,NYI,-165
2021-10-23,ARI,140
2021-10-23,VAN,-105
2021-10-23,SEA,-115
2021-10-24,SJS,155
2021-10-24,BOS,-185
2021-10-24,NSH,135
2021-10-24,MIN,-160
2021-10-24,DET,130
2021-10-24,CHI,-150
2021-10-24,NYI,120
2021-10-24,VGK,-140
2021-10-25,DAL,-130
2021-10-25,CBJ,110
2021-10-25,CGY,120
2021-10-25,NYR,-140
2021-10-25,ARI,260
2021-10-25,FLA,-320
2021-10-25,TOR,-110
2021-10-25,CAR,-110
2021-10-25,WSH,-165
2021-10-25,OTT,140
2021-10-25,TBL,-195
2021-10-25,BUF,165
2021-10-25,LAK,150
2021-10-25,STL,-180
2021-10-26,TBL,-140
2021-10-26,PIT,120
2021-10-26,CGY,-110
2021-10-26,NJD,-110
2021-10-26,VGK,145
2021-10-26,COL,-170
2021-10-26,SJS,115
2021-10-26,NSH,-135
2021-10-26,MIN,-110
2021-10-26,VAN,-110
2021-10-26,MTL,100
2021-10-26,SEA,-120
2021-10-26,WPG,-145
2021-10-26,ANA,125
2021-10-27,DET,165
2021-10-27,WSH,-195
2021-10-27,BOS,100
2021-10-27,FLA,-120
2021-10-27,TOR,-150
2021-10-27,CHI,130
2021-10-27,VGK,-105
2021-10-27,DAL,-115
2021-10-27,PHI,140
2021-10-27,EDM,-165
2021-10-28,CGY,100
2021-10-28,PIT,-120
2021-10-28,BOS,110
2021-10-28,CAR,-130
2021-10-28,ARI,235
2021-10-28,TBL,-290
2021-10-28,COL,-120
2021-10-28,STL,100
2021-10-28,BUF,110
2021-10-28,ANA,-130
2021-10-28,MIN,-130
2021-10-28,SEA,110
2021-10-28,PHI,-105
2021-10-28,VAN,-115
2021-10-28,MTL,115
2021-10-28,SJS,-135
2021-10-28,WPG,-115
2021-10-28,LAK,-105
2021-10-29,CBJ,125
2021-10-29,NYR,-145
2021-10-29,ARI,250
2021-10-29,WSH,-310
2021-10-29,CHI,165
2021-10-29,CAR,-195
2021-10-29,FLA,-180
2021-10-29,DET,150
2021-10-29,ANA,210
2021-10-29,VGK,-260
2021-10-29,OTT,145
2021-10-29,DAL,-170
2021-10-30,NYI,-110
2021-10-30,NSH,-110
2021-10-30,MTL,105
2021-10-30,LAK,-125
2021-10-30,WPG,-110
2021-10-30,SJS,-110
2021-10-30,NJD,130
2021-10-30,PIT,-150
2021-10-30,DET,205
2021-10-30,TOR,-255
2021-10-30,FLA,105
2021-10-30,BOS,-125
2021-10-30,CHI,150
2021-10-30,STL,-180
2021-10-30,MIN,145
2021-10-30,COL,-170
2021-10-30,PHI,125
2021-10-30,CGY,-145
2021-10-30,EDM,-145
2021-10-30,VAN,125
2021-10-31,ARI,250
2021-10-31,CAR,-310
2021-10-31,BUF,115
2021-10-31,LAK,-135
2021-10-31,MTL,-120
2021-10-31,ANA,100
2021-10-31,CBJ,-105
2021-10-31,NJD,-115
2021-10-31,NYR,-115
2021-10-31,SEA,-105
2021-11-01,WSH,120
2021-11-01,TBL,-140
2021-11-01,OTT,115
2021-11-01,CHI,-135
2021-11-01,SEA,175
2021-11-01,EDM,-210
2021-11-02,ARI,170
2021-11-02,PHI,-200
2021-11-02,VGK,145
2021-11-02,TOR,-170
2021-11-02,DET,125
2021-11-02,MTL,-145
2021-11-02,DAL,110
2021-11-02,WPG,-130
2021-11-02,OTT,170
2021-11-02,MIN,-200
2021-11-02,NSH,120
2021-11-02,CGY,-140
2021-11-02,NYR,-115
2021-11-02,VAN,-105
2021-11-02,NJD,-110
2021-11-02,ANA,-110
2021-11-02,BUF,145
2021-11-02,SJS,-170
2021-11-03,CAR,-145
2021-11-03,CHI,125
2021-11-03,NSH,155
2021-11-03,EDM,-185
2021-11-03,CBJ,195
2021-11-03,COL,-245
2021-11-03,STL,-125
2021-11-03,LAK,105
2021-11-04,NYI,-140
2021-11-04,MTL,120
2021-11-04,VGK,-135
2021-11-04,OTT,115
2021-11-04,TBL,100
2021-11-04,TOR,-120
2021-11-04,PHI,115
2021-11-04,PIT,-135
2021-11-04,DET,205
2021-11-04,BOS,-255
2021-11-04,WSH,125
2021-11-04,FLA,-145
2021-11-04,DAL,115
2021-11-04,CGY,-135
2021-11-04,BUF,135
2021-11-04,SEA,-160
2021-11-04,STL,-130
2021-11-04,SJS,110
2021-11-05,CHI,140
2021-11-05,WPG,-165
2021-11-05,NYR,135
2021-11-05,EDM,-160
2021-11-05,ARI,130
2021-11-05,ANA,-150
2021-11-05,NSH,-105
2021-11-05,VAN,-115
2021-11-05,NJD,100
2021-11-05,LAK,-120
2021-11-06,TBL,-190
2021-11-06,OTT,160
2021-11-06,CAR,110
2021-11-06,FLA,-130
2021-11-06,BOS,115
2021-11-06,TOR,-135
2021-11-06,COL,-160
2021-11-06,CBJ,135
2021-11-06,DET,-105
2021-11-06,BUF,-115
2021-11-06,VGK,-115
2021-11-06,MTL,-105
2021-11-06,MIN,-105
2021-11-06,PIT,-115
2021-11-06,PHI,130
2021-11-06,WSH,-150
2021-11-06,NYI,-105
2021-11-06,WPG,-115
2021-11-06,SEA,-160
2021-11-06,ARI,135
2021-11-06,NYR,120
2021-11-06,CGY,-140
2021-11-06,NJD,120
2021-11-06,SJS,-140
2021-11-07,VGK,-135
2021-11-07,DET,115
2021-11-07,NSH,-110
2021-11-07,CHI,-110
2021-11-07,STL,-170
2021-11-07,ANA,145
2021-11-07,NYI,105
2021-11-07,MIN,-125
2021-11-07,DAL,-105
2021-11-07,VAN,-115
2021-11-08,FLA,-115
2021-11-08,NYR,-105
2021-11-08,BUF,210
2021-11-08,WSH,-260
2021-11-08,LAK,190
2021-11-08,TOR,-235
2021-11-09,CAR,110
2021-11-09,TBL,-130
2021-11-09,LAK,115
2021-11-09,MTL,-135
2021-11-09,OTT,230
2021-11-09,BOS,-280
2021-11-09,FLA,-145
2021-11-09,NJD,125
2021-11-09,EDM,-180
2021-11-09,DET,150
2021-11-09,STL,-115
2021-11-09,WPG,-105
2021-11-09,PIT,-125
2021-11-09,CHI,105
2021-11-09,SJS,150
2021-11-09,CGY,-180
2021-11-09,SEA,115
2021-11-09,VGK,-135
2021-11-09,ANA,130
2021-11-09,VAN,-150
2021-11-10,TOR,-125
2021-11-10,PHI,105
2021-11-10,NSH,125
2021-11-10,DAL,-145
2021-11-10,MIN,-200
2021-11-10,ARI,170
2021-11-11,FLA,-120
2021-11-11,PIT,100
2021-11-11,LAK,-110
2021-11-11,OTT,-110
2021-11-11,NYI,-130
2021-11-11,NJD,110
2021-11-11,CGY,-120
2021-11-11,MTL,100
2021-11-11,EDM,110
2021-11-11,BOS,-130
2021-11-11,WSH,-130
2021-11-11,DET,110
2021-11-11,SJS,135
2021-11-11,WPG,-160
2021-11-11,NSH,130
2021-11-11,STL,-150
2021-11-11,VAN,160
2021-11-11,COL,-190
2021-11-11,MIN,-110
2021-11-11,VGK,-110
2021-11-11,ANA,130
2021-11-11,SEA,-150
2021-11-12,WSH,-140
2021-11-12,CBJ,120
2021-11-12,EDM,-170
2021-11-12,BUF,145
2021-11-12,CGY,130
2021-11-12,TOR,-150
2021-11-12,PHI,145
2021-11-12,CAR,-170
2021-11-12,ARI,150
2021-11-12,CHI,-180
2021-11-13,BOS,-130
2021-11-13,NJD,110
2021-11-13,FLA,105
2021-11-13,TBL,-125
2021-11-13,PIT,-140
2021-11-13,OTT,120
2021-11-13,MTL,-105
2021-11-13,DET,-115
2021-11-13,NYR,-125
2021-11-13,CBJ,105
2021-11-13,LAK,145
2021-11-13,WPG,-170
2021-11-13,TOR,-185
2021-11-13,BUF,155
2021-11-13,STL,120
2021-11-13,CAR,-140
2021-11-13,ARI,235
2021-11-13,NSH,-290
2021-11-13,PHI,125
2021-11-13,DAL,-145
2021-11-13,SJS,175
2021-11-13,COL,-210
2021-11-13,VAN,125
2021-11-13,VGK,-145
2021-11-13,MIN,-115
2021-11-13,SEA,-105
2021-11-14,CGY,-180
2021-11-14,OTT,150
2021-11-14,NJD,130
2021-11-14,NYR,-150
2021-11-14,EDM,-105
2021-11-14,STL,-105
2021-11-14,MTL,175
2021-11-14,BOS,-210
2021-11-14,PIT,145
2021-11-14,WSH,-170
2021-11-14,VAN,105
2021-11-14,ANA,-125
2021-11-15,NYI,120
2021-11-15,TBL,-140
2021-11-15,DET,110
2021-11-15,CBJ,-130
2021-11-16,MTL,125
2021-11-16,NYR,-145
2021-11-16,NSH,160
2021-11-16,TOR,-190
2021-11-16,NYI,135
2021-11-16,FLA,-160
2021-11-16,BUF,185
2021-11-16,PIT,-225
2021-11-16,CGY,-120
2021-11-16,PHI,100
2021-11-16,EDM,-110
2021-11-16,WPG,-110
2021-11-16,SJS,160
2021-11-16,MIN,-190
2021-11-16,ARI,240
2021-11-16,STL,-300
2021-11-16,DET,150
2021-11-16,DAL,-180
2021-11-16,WSH,-150
2021-11-16,ANA,130
2021-11-16,CAR,-125
2021-11-16,VGK,105
2021-11-17,COL,-170
2021-11-17,VAN,145
2021-11-17,CHI,120
2021-11-17,SEA,-140
2021-11-17,WSH,-130
2021-11-17,LAK,110
2021-11-18,NYR,135
2021-11-18,TOR,-160
2021-11-18,NJD,165
2021-11-18,FLA,-195
2021-11-18,PIT,-135
2021-11-18,MTL,115
2021-11-18,TBL,-130
2021-11-18,PHI,110
2021-11-18,CGY,-170
2021-11-18,BUF,145
2021-11-18,SJS,145
2021-11-18,STL,-170
2021-11-18,DAL,140
2021-11-18,MIN,-165
2021-11-18,CBJ,-160
2021-11-18,ARI,135
2021-11-18,WPG,105
2021-11-18,EDM,-125
2021-11-18,CAR,-145
2021-11-18,ANA,125
2021-11-18,DET,145
2021-11-18,VGK,-170
2021-11-19,WPG,-120
2021-11-19,VAN,100
2021-11-19,COL,-170
2021-11-19,SEA,145
2021-11-20,NJD,170
2021-11-20,TBL,-200
2021-11-20,CAR,-150
2021-11-20,LAK,130
2021-11-20,MIN,115
2021-11-20,FLA,-135
2021-11-20,NSH,-110
2021-11-20,MTL,-110
2021-11-20,PIT,145
2021-11-20,TOR,-170
2021-11-20,CGY,110
2021-11-20,NYI,-130
2021-11-20,BOS,-125
2021-11-20,PHI,105
2021-11-20,DET,-130
2021-11-20,ARI,110
2021-11-20,STL,105
2021-11-20,DAL,-125
2021-11-20,CBJ,130
2021-11-20,VGK,-150
2021-11-20,CHI,165
2021-11-20,EDM,-195
2021-11-20,WSH,-130
2021-11-20,SJS,110
2021-11-21,MIN,130
2021-11-21,TBL,-150
2021-11-21,BUF,180
2021-11-21,NYR,-220
2021-11-21,CGY,145
2021-11-21,BOS,-170
2021-11-21,TOR,100
2021-11-21,NYI,-120
2021-11-21,CHI,120
2021-11-21,VAN,-140
2021-11-21,WSH,-130
2021-11-21,SEA,110
2021-11-21,ARI,180
2021-11-21,LAK,-220
2021-11-22,CBJ,-115
2021-11-22,BUF,-105
2021-11-22,VGK,100
2021-11-22,STL,-120
2021-11-22,ANA,115
2021-11-22,NSH,-135
2021-11-22,OTT,285
2021-11-22,COL,-355
2021-11-22,PIT,-105
2021-11-22,WPG,-115
2021-11-22,CAR,-130
2021-11-22,SJS,110
2021-11-23,PHI,120
2021-11-23,TBL,-140
2021-11-23,EDM,-105
2021-11-23,DAL,-115
2021-11-23,CHI,155
2021-11-23,CGY,-185
2021-11-24,MTL,165
2021-11-24,WSH,-195
2021-11-24,PHI,145
2021-11-24,FLA,-170
2021-11-24,WPG,-120
2021-11-24,CBJ,100
2021-11-24,BOS,-210
2021-11-24,BUF,175
2021-11-24,VAN,150
2021-11-24,PIT,-180
2021-11-24,MIN,-135
2021-11-24,NJD,115
2021-11-24,STL,-145
2021-11-24,DET,125
2021-11-24,NYR,100
2021-11-24,NYI,-120
2021-11-24,VGK,-105
2021-11-24,NSH,-115
2021-11-24,ANA,195
2021-11-24,COL,-245
2021-11-24,EDM,-220
2021-11-24,ARI,180
2021-11-24,TOR,-150
2021-11-24,LAK,130
2021-11-24,CAR,-165
2021-11-24,SEA,140
2021-11-24,OTT,145
2021-11-24,SJS,-170
2021-11-26,STL,-115
2021-11-26,CHI,-105
2021-11-26,WPG,115
2021-11-26,MIN,-135
2021-11-26,NYR,125
2021-11-26,BOS,-145
2021-11-26,CAR,-135
2021-11-26,PHI,115
2021-11-26,OTT,150
2021-11-26,ANA,-180
2021-11-26,FLA,105
2021-11-26,WSH,-125
2021-11-26,NJD,145
2021-11-26,NSH,-170
2021-11-26,SEA,170
2021-11-26,TBL,-200
2021-11-26,VAN,105
2021-11-26,CBJ,-125
2021-11-26,MTL,-110
2021-11-26,BUF,-110
2021-11-26,COL,-140
2021-11-26,DAL,120
2021-11-26,PIT,-160
2021-11-26,NYI,135
2021-11-26,TOR,-160
2021-11-26,SJS,135
2021-11-27,SEA,170
2021-11-27,FLA,-200
2021-11-27,EDM,100
2021-11-27,VGK,-120
2021-11-27,BUF,155
2021-11-27,DET,-175
2021-11-27,OTT,185
2021-11-27,LAK,-225
2021-11-27,MTL,170
2021-11-27,PIT,-200
2021-11-27,CBJ,145
2021-11-27,STL,-165
2021-11-27,DAL,-200
2021-11-27,ARI,170
2021-11-27,NSH,175
2021-11-27,COL,-210
2021-11-27,WPG,145
2021-11-27,CGY,-165
2021-11-28,WSH,135
2021-11-28,CAR,-155
2021-11-28,TBL,-110
2021-11-28,MIN,-110
2021-11-28,SJS,100
2021-11-28,CHI,-120
2021-11-28,PHI,120
2021-11-28,NJD,-140
2021-11-28,VAN,195
2021-11-28,BOS,-235
2021-11-28,TOR,-160
2021-11-28,ANA,140
2021-11-29,SEA,-145
2021-11-29,BUF,125
2021-11-29,ARI,245
2021-11-29,WPG,-305
2021-11-29,VAN,105
2021-11-29,MTL,-125
2021-11-29,PIT,125
2021-11-29,CGY,-145
2021-11-30,WSH,115
2021-11-30,FLA,-135
2021-11-30,DET,205
2021-11-30,BOS,-255
2021-11-30,SJS,100
2021-11-30,NJD,-120
2021-11-30,CBJ,125
2021-11-30,NSH,-145
2021-11-30,TBL,-110
2021-11-30,STL,-110
2021-11-30,ARI,280
2021-11-30,MIN,-350
2021-11-30,CAR,-115
2021-11-30,DAL,-105
2021-11-30,ANA,110
2021-11-30,LAK,-130
2021-12-01,PHI,140
2021-12-01,NYR,-165
2021-12-01,COL,105
2021-12-01,TOR,-125
2021-12-01,SEA,110
2021-12-01,DET,-130
2021-12-01,VAN,-120
2021-12-01,OTT,100
2021-12-01,VGK,-145
2021-12-01,ANA,125
2021-12-01,PIT,115
2021-12-01,EDM,-135
2021-12-02,STL,120
2021-12-02,TBL,-140
2021-12-02,OTT,256
2021-12-02,CAR,-290
2021-12-02,CHI,170
2021-12-02,WSH,-200
2021-12-02,COL,-158
2021-12-02,MTL,143
2021-12-02,BUF,235
2021-12-02,FLA,-290
2021-12-02,SJS,105
2021-12-02,NYI,-116
2021-12-02,NJD,165
2021-12-02,MIN,-195
2021-12-02,BOS,-120
2021-12-02,NSH,100
2021-12-02,CBJ,145
2021-12-02,DAL,-170
2021-12-02,CGY,-135
2021-12-02,LAK,115
2021-12-03,SJS,150
2021-12-03,NYR,-180
2021-12-03,NJD,150
2021-12-03,WPG,-180
2021-12-03,VGK,-195
2021-12-03,ARI,165
2021-12-03,EDM,-130
2021-12-03,SEA,110
2021-12-03,CGY,-130
2021-12-03,ANA,110
2021-12-04,STL,125
2021-12-04,FLA,-145
2021-12-04,TOR,-110
2021-12-04,MIN,-110
2021-12-04,NYI,-120
2021-12-04,DET,100
2021-12-04,TBL,-105
2021-12-04,BOS,-115
2021-12-04,MTL,145
2021-12-04,NSH,-170
2021-12-04,CBJ,170
2021-12-04,WSH,-200
2021-12-04,BUF,240
2021-12-04,CAR,-300
2021-12-04,COL,-245
2021-12-04,OTT,195
2021-12-04,CHI,160
2021-12-04,NYR,-190
2021-12-04,PIT,-145
2021-12-04,VAN,125
2021-12-05,SJS,100
2021-12-05,CBJ,-120
2021-12-05,TBL,-135
2021-12-05,PHI,115
2021-12-05,TOR,-125
2021-12-05,WPG,105
2021-12-05,CHI,135
2021-12-05,NYI,-160
2021-12-05,LAK,160
2021-12-05,EDM,-190
2021-12-05,CGY,105
2021-12-05,VGK,-125
2021-12-06,ANA,155
2021-12-06,WSH,-185
2021-12-06,COL,-160
2021-12-06,PHI,135
2021-12-06,ARI,245
2021-12-06,DAL,-305
2021-12-06,LAK,115
2021-12-06,VAN,-135
2021-12-06,PIT,-120
2021-12-06,SEA,100
2021-12-06,OTT,145
2021-12-06,NJD,-170
2021-12-07,TBL,-180
2021-12-07,MTL,150
2021-12-07,NYI,-130
2021-12-07,OTT,110
2021-12-07,CBJ,230
2021-12-07,TOR,-280
2021-12-07,NSH,-115
2021-12-07,DET,-105
2021-12-07,ANA,-125
2021-12-07,BUF,105
2021-12-07,FLA,-115
2021-12-07,STL,-105
2021-12-07,CAR,-110
2021-12-07,WPG,-110
2021-12-07,NYR,-135
2021-12-07,CHI,115
2021-12-07,MIN,-105
2021-12-07,EDM,-115
2021-12-07,CGY,-140
2021-12-07,SJS,120
2021-12-08,COL,-140
2021-12-08,NYR,120
2021-12-08,PHI,115
2021-12-08,NJD,-135
2021-12-08,BOS,-150
2021-12-08,VAN,130
2021-12-08,DAL,120
2021-12-08,VGK,-140
2021-12-09,TBL,110
2021-12-09,TOR,-130
2021-12-09,CHI,-130
2021-12-09,MTL,110
2021-12-09,ANA,-110
2021-12-09,CBJ,-110
2021-12-09,NSH,100
2021-12-09,NYI,-120
2021-12-09,DET,150
2021-12-09,STL,-180
2021-12-09,BOS,105
2021-12-09,EDM,-125
2021-12-09,CAR,-105
2021-12-09,CGY,-115
2021-12-09,WPG,-110
2021-12-09,SEA,-110
2021-12-09,MIN,-145
2021-12-09,SJS,125
2021-12-09,DAL,-135
2021-12-09,LAK,115
2021-12-10,PIT,120
2021-12-10,WSH,-140
2021-12-10,NYR,-170
2021-12-10,BUF,145
2021-12-10,NSH,-130
2021-12-10,NJD,110
2021-12-10,DET,250
2021-12-10,COL,-310
2021-12-10,FLA,-245
2021-12-10,ARI,195
2021-12-10,PHI,165
2021-12-10,VGK,-195
2021-12-10,WPG,100
2021-12-10,VAN,-120
2021-12-11,TBL,-255
2021-12-11,OTT,205
2021-12-11,WSH,-220
2021-12-11,BUF,180
2021-12-11,CHI,195
2021-12-11,TOR,-245
2021-12-11,MTL,170
2021-12-11,STL,-200
2021-12-11,ANA,145
2021-12-11,PIT,-170
2021-12-11,NJD,140
2021-12-11,NYI,-165
2021-12-11,PHI,-165
2021-12-11,ARI,140
2021-12-11,CBJ,130
2021-12-11,SEA,-150
2021-12-11,BOS,105
2021-12-11,CGY,-125
2021-12-11,CAR,100
2021-12-11,EDM,-120
2021-12-11,MIN,-160
2021-12-11,LAK,135
2021-12-11,DAL,-125
2021-12-11,SJS,105
2021-12-12,ANA,135
2021-12-12,STL,-160
2021-12-12,NSH,130
2021-12-12,NYR,-150
2021-12-12,FLA,125
2021-12-12,COL,-145
2021-12-12,MIN,110
2021-12-12,VGK,-130
2021-12-12,CAR,-130
2021-12-12,VAN,110
2021-12-14,VGK,115
2021-12-14,BOS,-135
2021-12-14,NJD,125
2021-12-14,PHI,-145
2021-12-14,MTL,230
2021-12-14,PIT,-280
2021-12-14,LAK,175
2021-12-14,TBL,-210
2021-12-14,OTT,260
2021-12-14,FLA,-320
2021-12-14,NYI,-125
2021-12-14,DET,105
2021-12-14,BUF,215
2021-12-14,WPG,-265
2021-12-14,STL,105
2021-12-14,DAL,-125
2021-12-14,TOR,-125
2021-12-14,EDM,105
2021-12-14,NYR,175
2021-12-14,COL,-210
2021-12-14,CBJ,120
2021-12-14,VAN,-140
2021-12-14,SEA,110
2021-12-14,SJS,-130
2021-12-15,WSH,-150
2021-12-15,CHI,130
2021-12-15,NYR,-210
2021-12-15,ARI,175
2021-12-15,SEA,130
2021-12-15,ANA,-150
2021-12-16,DET,195
2021-12-16,CAR,-245
2021-12-16,OTT,235
2021-12-16,TBL,-290
2021-12-16,PHI,-130
2021-12-16,MTL,110
2021-12-16,LAK,170
2021-12-16,FLA,-200
2021-12-16,VGK,-170
2021-12-16,NJD,145
2021-12-16,BOS,-130
2021-12-16,NYI,110
2021-12-16,BUF,250
2021-12-16,MIN,-310
2021-12-16,COL,-140
2021-12-16,NSH,120
2021-12-16,CBJ,170
2021-12-16,EDM,-200
2021-12-16,VAN,105
2021-12-16,SJS,-125
2021-12-17,VGK,-130
2021-12-17,NYR,110
2021-12-17,BUF,240
2021-12-17,PIT,-300
2021-12-17,DAL,110
2021-12-17,STL,-130
2021-12-17,WSH,-110
2021-12-17,WPG,-110
2021-12-17,NSH,100
2021-12-17,CHI,-120
2021-12-17,ARI,205
2021-12-17,ANA,-255
2021-12-18,OTT,135
2021-12-18,PHI,-160
2021-12-18,LAK,130
2021-12-18,CAR,-150
2021-12-18,CHI,145
2021-12-18,DAL,-170
2021-12-18,NJD,125
2021-12-18,DET,-145
2021-12-18,EDM,-125
2021-12-18,SEA,105
2021-12-19,VGK,-140
2021-12-19,NYI,120
2021-12-19,STL,110
2021-12-19,WPG,-130
2021-12-19,LAK,125
2021-12-19,WSH,-145
2021-12-19,PIT,-170
2021-12-19,NJD,145
2021-12-20,MIN,-105
2021-12-20,DAL,-115
2021-12-21,TBL,115
2021-12-21,VGK,-135
2021-12-28,MTL,225
2021-12-28,TBL,-275
2021-12-28,ARI,190
2021-12-28,SJS,-235
2021-12-28,VGK,-150
2021-12-28,LAK,130
2021-12-29,NJD,-120
2021-12-29,BUF,100
2021-12-29,NYR,135
2021-12-29,FLA,-160
2021-12-29,NSH,125
2021-12-29,WSH,-145
2021-12-29,EDM,110
2021-12-29,STL,-130
2021-12-29,PHI,120
2021-12-29,SEA,-140
2021-12-29,VAN,120
2021-12-29,ANA,-140
2021-12-30,TBL,120
2021-12-30,FLA,-140
2021-12-30,NSH,-125
2021-12-30,CBJ,105
2021-12-30,MTL,240
2021-12-30,CAR,-300
2021-12-30,BUF,165
2021-12-30,NYI,-195
2021-12-30,CGY,-145
2021-12-30,SEA,125
2021-12-30,PHI,115
2021-12-30,SJS,-135
2021-12-30,VAN,115
2021-12-30,LAK,-135
2021-12-31,EDM,-160
2021-12-31,NJD,135
2021-12-31,ANA,150
2021-12-31,VGK,-180
2021-12-31,NYR,130
2021-12-31,TBL,-150
2021-12-31,WSH,-135
2021-12-31,DET,115
2022-01-01,BUF,275
2022-01-01,BOS,-345
2022-01-01,MTL,275
2022-01-01,FLA,-345
2022-01-01,CAR,-145
2022-01-01,CBJ,125
2022-01-01,CHI,135
2022-01-01,NSH,-160
2022-01-01,EDM,105
2022-01-01,NYI,-125
2022-01-01,OTT,230
2022-01-01,TOR,-280
2022-01-01,STL,110
2022-01-01,MIN,-130
2022-01-01,VAN,100
2022-01-01,SEA,-120
2022-01-01,PHI,120
2022-01-01,LAK,-140
2022-01-02,TBL,-115
2022-01-02,NYR,-105
2022-01-02,SJS,145
2022-01-02,PIT,-170
2022-01-02,BOS,-140
2022-01-02,DET,120
2022-01-02,ANA,190
2022-01-02,COL,-235
2022-01-02,NJD,180
2022-01-02,WSH,-220
2022-01-02,WPG,140
2022-01-02,VGK,-165
2022-01-02,CGY,-145
2022-01-02,CHI,125
2022-01-03,EDM,105
2022-01-03,NYR,-125
2022-01-04,CGY,115
2022-01-04,FLA,-135
2022-01-04,NJD,215
2022-01-04,BOS,-265
2022-01-04,TBL,-190
2022-01-04,CBJ,160
2022-01-04,SJS,-110
2022-01-04,DET,-110
2022-01-04,COL,-190
2022-01-04,CHI,160
2022-01-04,WPG,-190
2022-01-04,ARI,160
2022-01-04,PHI,-105
2022-01-04,ANA,-115
2022-01-04,NSH,130
2022-01-04,VGK,-150
2022-01-05,EDM,180
2022-01-05,TOR,-220
2022-01-05,STL,115
2022-01-05,PIT,-135
2022-01-06,PIT,-185
2022-01-06,PHI,155
2022-01-06,SJS,-125
2022-01-06,BUF,105
2022-01-06,CBJ,-105
2022-01-06,NJD,-115
2022-01-06,MIN,135
2022-01-06,BOS,-160
2022-01-06,CGY,125
2022-01-06,TBL,-145
2022-01-06,FLA,-115
2022-01-06,DAL,-105
2022-01-06,WPG,170
2022-01-06,COL,-200
2022-01-06,CHI,-160
2022-01-06,ARI,135
2022-01-06,NYR,135
2022-01-06,VGK,-160
2022-01-06,NSH,-125
2022-01-06,LAK,105
2022-01-07,CGY,145
2022-01-07,CAR,-170
2022-01-07,WSH,-105
2022-01-07,STL,-115
2022-01-08,PIT,-130
2022-01-08,DAL,110
2022-01-08,NJD,115
2022-01-08,CBJ,-135
2022-01-08,BOS,130
2022-01-08,TBL,-150
2022-01-08,SJS,-110
2022-01-08,PHI,-110
2022-01-08,TOR,115
2022-01-08,COL,-135
2022-01-08,FLA,115
2022-01-08,CAR,-135
2022-01-08,WSH,-125
2022-01-08,MIN,105
2022-01-08,NSH,-255
2022-01-08,ARI,205
2022-01-08,CHI,170
2022-01-08,VGK,-200
2022-01-08,NYR,-115
2022-01-08,ANA,-105
2022-01-08,DET,130
2022-01-08,LAK,-150
2022-01-09,DAL,135
2022-01-09,STL,-160
2022-01-09,DET,120
2022-01-09,ANA,-140
2022-01-10,BOS,100
2022-01-10,WSH,-120
2022-01-10,SEA,280
2022-01-10,COL,-350
2022-01-10,NYR,-105
2022-01-10,LAK,-115
2022-01-11,VAN,190
2022-01-11,FLA,-235
2022-01-11,CHI,100
2022-01-11,CBJ,-120
2022-01-11,TBL,-255
2022-01-11,BUF,205
2022-01-11,COL,-160
2022-01-11,NSH,135
2022-01-11,PIT,-130
2022-01-11,ANA,110
2022-01-11,TOR,-105
2022-01-11,VGK,-115
2022-01-11,DET,115
2022-01-11,SJS,-135
2022-01-12,SEA,145
2022-01-12,DAL,-170
2022-01-12,TOR,-330
2022-01-12,ARI,265
2022-01-12,MTL,255
2022-01-12,BOS,-315
2022-01-13,CBJ,205
2022-01-13,CAR,-255
2022-01-13,VAN,210
2022-01-13,TBL,-260
2022-01-13,PHI,205
2022-01-13,BOS,-255
2022-01-13,NJD,160
2022-01-13,NYI,-190
2022-01-13,WPG,-140
2022-01-13,DET,120
2022-01-13,SEA,185
2022-01-13,STL,-225
2022-01-13,BUF,245
2022-01-13,NSH,-305
2022-01-13,MTL,155
2022-01-13,CHI,-185
2022-01-13,OTT,195
2022-01-13,CGY,-245
2022-01-13,PIT,-145
2022-01-13,LAK,125
2022-01-13,NYR,-125
2022-01-13,SJS,105
2022-01-14,DAL,160
2022-01-14,FLA,-190
2022-01-14,ANA,170
2022-01-14,MIN,-200
2022-01-14,ARI,350
2022-01-14,COL,-450
2022-01-15,VAN,175
2022-01-15,CAR,-210
2022-01-15,NSH,125
2022-01-15,BOS,-145
2022-01-15,WSH,-125
2022-01-15,NYI,105
2022-01-15,CBJ,240
2022-01-15,FLA,-300
2022-01-15,BUF,155
2022-01-15,DET,-185
2022-01-15,TOR,-145
2022-01-15,STL,125
2022-01-15,DAL,170
2022-01-15,TBL,-200
2022-01-15,NYR,-150
2022-01-15,PHI,130
2022-01-15,ANA,110
2022-01-15,CHI,-130
2022-01-15,COL,-350
2022-01-15,ARI,280
2022-01-15,LAK,-125
2022-01-15,SEA,105
2022-01-15,PIT,-160
2022-01-15,SJS,135
2022-01-15,OTT,190
2022-01-15,EDM,-235
2022-01-16,VAN,160
2022-01-16,WSH,-190
2022-01-17,DET,-125
2022-01-17,BUF,105
2022-01-17,MIN,165
2022-01-17,COL,-195
2022-01-17,LAK,-115
2022-01-17,SJS,-105
2022-01-17,MTL,-105
2022-01-17,ARI,-115
2022-01-17,CHI,-110
2022-01-17,SEA,-110
2022-01-17,PHI,150
2022-01-17,NYI,-180
2022-01-17,NSH,100
2022-01-17,STL,-120
2022-01-17,PIT,-105
2022-01-17,VGK,-115
2022-01-18,WPG,115
2022-01-18,WSH,-135
2022-01-18,BUF,125
2022-01-18,OTT,-145
2022-01-18,CAR,110
2022-01-18,BOS,-130
2022-01-18,VAN,155
2022-01-18,NSH,-185
2022-01-18,MTL,240
2022-01-18,DAL,-300
2022-01-18,FLA,-125
2022-01-18,CGY,105
2022-01-18,TBL,-170
2022-01-18,LAK,145
2022-01-18,NYI,600
2022-01-18,PHI,-850
2022-01-19,ARI,170
2022-01-19,NJD,-200
2022-01-19,TOR,-145
2022-01-19,NYR,125
2022-01-19,COL,-270
2022-01-19,ANA,220
2022-01-20,OTT,225
2022-01-20,PIT,-275
2022-01-20,CBJ,110
2022-01-20,PHI,-130
2022-01-20,DAL,-150
2022-01-20,BUF,130
2022-01-20,WSH,135
2022-01-20,BOS,-160
2022-01-20,WPG,115
2022-01-20,NSH,-135
2022-01-20,FLA,-150
2022-01-20,EDM,130
2022-01-20,COL,-200
2022-01-20,LAK,170
2022-01-20,MTL,265
2022-01-20,VGK,-330
2022-01-20,SJS,-105
2022-01-20,SEA,-115
2022-01-21,NYR,130
2022-01-21,CAR,-150
2022-01-21,PIT,-185
2022-01-21,CBJ,155
2022-01-21,ARI,230
2022-01-21,NYI,-280
2022-01-21,DAL,-120
2022-01-21,DET,100
2022-01-21,MIN,-140
2022-01-21,CHI,120
2022-01-21,TBL,-235
2022-01-21,ANA,190
2022-01-21,FLA,-165
2022-01-21,VAN,140
2022-01-21,STL,-170
2022-01-21,SEA,145
2022-01-22,PHI,-125
2022-01-22,BUF,105
2022-01-22,WPG,145
2022-01-22,BOS,-170
2022-01-22,CAR,-220
2022-01-22,NJD,180
2022-01-22,MTL,305
2022-01-22,COL,-390
2022-01-22,OTT,185
2022-01-22,WSH,-225
2022-01-22,ARI,235
2022-01-22,NYR,-290
2022-01-22,DET,165
2022-01-22,NSH,-195
2022-01-22,CHI,160
2022-01-22,MIN,-190
2022-01-22,CGY,-110
2022-01-22,EDM,-110
2022-01-22,TBL,-200
2022-01-22,SJS,170
2022-01-22,TOR,-170
2022-01-22,NYI,145
2022-01-23,WPG,160
2022-01-23,PIT,-190
2022-01-23,OTT,130
2022-01-23,CBJ,-150
2022-01-23,LAK,-130
2022-01-23,NJD,110
2022-01-23,FLA,-200
2022-01-23,SEA,170
2022-01-23,STL,-150
2022-01-23,VAN,130
2022-01-24,LAK,140
2022-01-24,NYR,-165
2022-01-24,VGK,105
2022-01-24,WSH,-125
2022-01-24,DAL,-140
2022-01-24,PHI,120
2022-01-24,ANA,220
2022-01-24,BOS,-270
2022-01-24,MTL,265
2022-01-24,MIN,-330
2022-01-24,CHI,235
2022-01-24,COL,-290
2022-01-24,STL,110
2022-01-24,CGY,-130
2022-01-25,BUF,140
2022-01-25,OTT,-165
2022-01-25,DAL,-130
2022-01-25,NJD,110
2022-01-25,VGK,140
2022-01-25,CAR,-165
2022-01-25,ARI,295
2022-01-25,PIT,-370
2022-01-25,PHI,160
2022-01-25,NYI,-190
2022-01-25,FLA,-160
2022-01-25,WPG,135
2022-01-25,NSH,-165
2022-01-25,SEA,140
2022-01-25,EDM,-160
2022-01-25,VAN,135
2022-01-26,SJS,155
2022-01-26,WSH,-185
2022-01-26,ANA,235
2022-01-26,TOR,-290
2022-01-26,CGY,-180
2022-01-26,CBJ,150
2022-01-26,CHI,105
2022-01-26,DET,-125
2022-01-26,BOS,145
2022-01-26,COL,-170
2022-01-27,CAR,-220
2022-01-27,OTT,180
2022-01-27,ANA,-140
2022-01-27,MTL,120
2022-01-27,LAK,125
2022-01-27,NYI,-145
2022-01-27,NJD,255
2022-01-27,TBL,-315
2022-01-27,VGK,130
2022-01-27,FLA,-150
2022-01-27,SEA,255
2022-01-27,PIT,-315
2022-01-27,NYR,-220
2022-01-27,CBJ,180
2022-01-27,VAN,145
2022-01-27,WPG,-170
2022-01-27,CGY,110
2022-01-27,STL,-130
2022-01-27,NSH,-105
2022-01-27,EDM,-115
2022-01-28,DET,190
2022-01-28,PIT,-235
2022-01-28,MIN,-120
2022-01-28,NYR,100
2022-01-28,COL,-220
2022-01-28,CHI,180
2022-01-28,WSH,-125
2022-01-28,DAL,105
2022-01-28,BOS,-315
2022-01-28,ARI,255
2022-01-29,ANA,-110
2022-01-29,OTT,-110
2022-01-29,LAK,-180
2022-01-29,PHI,150
2022-01-29,WPG,145
2022-01-29,STL,-170
2022-01-29,SJS,235
2022-01-29,FLA,-290
2022-01-29,NJD,240
2022-01-29,CAR,-300
2022-01-29,VGK,135
2022-01-29,TBL,-160
2022-01-29,EDM,-195
2022-01-29,MTL,165
2022-01-29,TOR,-220
2022-01-29,DET,180
2022-01-29,BUF,-125
2022-01-29,ARI,105
2022-01-29,VAN,165
2022-01-29,CGY,-195
2022-01-30,LAK,170
2022-01-30,PIT,-200
2022-01-30,SEA,175
2022-01-30,NYR,-210
2022-01-30,SJS,230
2022-01-30,CAR,-280
2022-01-30,CBJ,-125
2022-01-30,MTL,105
2022-01-30,BOS,-125
2022-01-30,DAL,105
2022-01-30,MIN,-135
2022-01-30,NYI,115
2022-01-30,BUF,340
2022-01-30,COL,-440
2022-01-31,FLA,-255
2022-01-31,CBJ,205
2022-01-31,ANA,-105
2022-01-31,DET,-115
2022-01-31,EDM,-180
2022-01-31,OTT,150
2022-01-31,VAN,100
2022-01-31,CHI,-120
2022-01-31,NJD,260
2022-01-31,TOR,-320
2022-02-01,TOR,-195
2022-02-01,NJD,165
2022-02-01,WSH,135
2022-02-01,PIT,-160
2022-02-01,SJS,210
2022-02-01,TBL,-260
2022-02-01,FLA,-145
2022-02-01,NYR,125
2022-02-01,SEA,210
2022-02-01,BOS,-260
2022-02-01,WPG,-130
2022-02-01,PHI,110
2022-02-01,OTT,225
2022-02-01,NYI,-275
2022-02-01,VAN,170
2022-02-01,NSH,-200
2022-02-01,CGY,-110
2022-02-01,DAL,-110
2022-02-01,ARI,355
2022-02-01,COL,-460
2022-02-01,BUF,280
2022-02-01,VGK,-350
2022-02-02,EDM,115
2022-02-02,WSH,-135
2022-02-02,LAK,-145
2022-02-02,DET,125
2022-02-02,CGY,-290
2022-02-02,ARI,235
2022-02-02,MIN,-170
2022-02-02,CHI,145
2022-02-02,SEA,140
2022-02-02,NYI,-165
2022-02-07,CAR,115
2022-02-07,TOR,-135
2022-02-07,NJD,-105
2022-02-07,OTT,-115
2022-02-08,NJD,105
2022-02-08,MTL,-125
2022-02-08,PIT,110
2022-02-08,BOS,-130
2022-02-08,CAR,-280
2022-02-08,OTT,230
2022-02-08,CBJ,215
2022-02-08,WSH,-265
2022-02-08,MIN,-130
2022-02-08,WPG,110
2022-02-08,VGK,100
2022-02-08,EDM,-120
2022-02-08,ARI,-310
2022-02-08,VAN,250
2022-02-09,DET,115
2022-02-09,PHI,-135
2022-02-09,CHI,170
2022-02-09,EDM,-200
2022-02-09,NSH,110
2022-02-09,DAL,-130
2022-02-09,VGK,120
2022-02-09,CGY,-140
2022-02-09,ARI,225
2022-02-09,SEA,-275
2022-02-09,NYI,-115
2022-02-09,VAN,-105
2022-02-10,WSH,-210
2022-02-10,MTL,175
2022-02-10,CAR,-105
2022-02-10,BOS,-115
2022-02-10,PIT,-210
2022-02-10,OTT,175
2022-02-10,CBJ,-105
2022-02-10,BUF,-115
2022-02-10,NJD,220
2022-02-10,STL,-270
2022-02-10,TBL,100
2022-02-10,COL,-120
2022-02-10,TOR,-120
2022-02-10,CGY,100
2022-02-11,WPG,125
2022-02-11,DAL,-145
2022-02-11,NYI,125
2022-02-11,EDM,-145
2022-02-11,TBL,-305
2022-02-11,ARI,245
2022-02-11,SEA,130
2022-02-11,ANA,-150
2022-02-12,PHI,140
2022-02-12,DET,-165
2022-02-12,BOS,-190
2022-02-12,OTT,160
2022-02-12,CBJ,-135
2022-02-12,MTL,115
2022-02-12,WPG,145
2022-02-12,NSH,-170
2022-02-12,TOR,-180
2022-02-12,VAN,150
2022-02-12,CAR,-110
2022-02-12,MIN,-110
2022-02-12,CHI,165
2022-02-12,STL,-195
2022-02-12,NYI,140
2022-02-12,CGY,-165
2022-02-13,BUF,-110
2022-02-13,MTL,-110
2022-02-13,OTT,200
2022-02-13,WSH,-250
2022-02-13,PIT,-225
2022-02-13,NJD,185
2022-02-13,COL,-160
2022-02-13,DAL,135
2022-02-14,DET,185
2022-02-14,MIN,-225
2022-02-14,CHI,140
2022-02-14,WPG,-165
2022-02-14,TOR,-185
2022-02-14,SEA,155
2022-02-14,EDM,-135
2022-02-14,SJS,115
2022-02-15,STL,-195
2022-02-15,OTT,165
2022-02-15,NYI,-185
2022-02-15,BUF,155
2022-02-15,TBL,-270
2022-02-15,NJD,220
2022-02-15,PHI,240
2022-02-15,PIT,-300
2022-02-15,BOS,120
2022-02-15,NYR,-140
2022-02-15,WSH,120
2022-02-15,NSH,-140
2022-02-15,DAL,195
2022-02-15,COL,-245
2022-02-15,CBJ,220
2022-02-15,CGY,-270
2022-02-15,EDM,120
2022-02-15,LAK,-140
2022-02-16,MIN,-150
2022-02-16,WPG,130
2022-02-16,FLA,-105
2022-02-16,CAR,-115
2022-02-16,ANA,160
2022-02-16,CGY,-190
2022-02-16,COL,-110
2022-02-16,VGK,-110
2022-02-17,PIT,130
2022-02-17,TOR,-150
2022-02-17,DET,160
2022-02-17,NYR,-190
2022-02-17,WSH,-180
2022-02-17,PHI,150
2022-02-17,OTT,100
2022-02-17,BUF,-120
2022-02-17,STL,-260
2022-02-17,MTL,210
2022-02-17,BOS,105
2022-02-17,NYI,-125
2022-02-17,SEA,150
2022-02-17,WPG,-180
2022-02-17,CBJ,145
2022-02-17,CHI,-170
2022-02-17,ANA,190
2022-02-17,EDM,-235
2022-02-17,VAN,-110
2022-02-17,SJS,-110
2022-02-18,NSH,140
2022-02-18,CAR,-165
2022-02-18,FLA,-110
2022-02-18,MIN,-110
2022-02-18,DAL,-140
2022-02-18,CHI,120
2022-02-18,LAK,140
2022-02-18,VGK,-165
2022-02-19,COL,-380
2022-02-19,BUF,300
2022-02-19,EDM,-125
2022-02-19,WPG,105
2022-02-19,STL,145
2022-02-19,TOR,-170
2022-02-19,BOS,-180
2022-02-19,OTT,150
2022-02-19,LAK,-200
2022-02-19,ARI,170
2022-02-19,SEA,230
2022-02-19,CGY,-280
2022-02-19,ANA,135
2022-02-19,VAN,-160
2022-02-20,CAR,120
2022-02-20,PIT,-140
2022-02-20,MTL,215
2022-02-20,NYI,-265
2022-02-20,FLA,-220
2022-02-20,CHI,180
2022-02-20,NYR,-195
2022-02-20,OTT,165
2022-02-20,BUF,140
2022-02-20,CBJ,-165
2022-02-20,DAL,-250
2022-02-20,ARI,200
2022-02-20,MIN,705
2022-02-20,EDM,-1010
2022-02-20,VGK,-165
2022-02-20,SJS,140
2022-02-21,COL,-170
2022-02-21,BOS,145
2022-02-21,CAR,-210
2022-02-21,PHI,175
2022-02-21,WPG,180
2022-02-21,CGY,-220
2022-02-21,TOR,-280
2022-02-21,MTL,230
2022-02-21,SEA,150
2022-02-21,VAN,-180
2022-02-22,NSH,170
2022-02-22,FLA,-200
2022-02-22,TOR,-195
2022-02-22,CBJ,165
2022-02-22,MIN,-225
2022-02-22,OTT,185
2022-02-22,STL,-200
2022-02-22,PHI,170
2022-02-22,NYI,-150
2022-02-22,SEA,130
2022-02-22,SJS,120
2022-02-22,ANA,-140
2022-02-23,EDM,185
2022-02-23,TBL,-225
2022-02-23,WPG,135
2022-02-23,DAL,-160
2022-02-23,COL,-290
2022-02-23,DET,235
2022-02-23,BUF,-110
2022-02-23,MTL,-110
2022-02-23,LAK,-235
2022-02-23,ARI,190
2022-02-24,MIN,135
2022-02-24,TOR,-160
2022-02-24,WSH,105
2022-02-24,NYR,-125
2022-02-24,CBJ,280
2022-02-24,FLA,-350
2022-02-24,NJD,265
2022-02-24,PIT,-330
2022-02-24,DAL,125
2022-02-24,NSH,-145
2022-02-24,CGY,-170
2022-02-24,VAN,145
2022-02-24,BOS,-225
2022-02-24,SEA,185
2022-02-24,NYI,-115
2022-02-24,SJS,-105
2022-02-25,CBJ,260
2022-02-25,CAR,-320
2022-02-25,BUF,220
2022-02-25,STL,-270
2022-02-25,NJD,125
2022-02-25,CHI,-145
2022-02-25,WPG,235
2022-02-25,COL,-290
2022-02-25,VGK,-260
2022-02-25,ARI,210
2022-02-25,LAK,-110
2022-02-25,ANA,-110
2022-02-26,EDM,170
2022-02-26,FLA,-200
2022-02-26,WSH,-180
2022-02-26,PHI,150
2022-02-26,NYR,145
2022-02-26,PIT,-170
2022-02-26,MTL,140
2022-02-26,OTT,-165
2022-02-26,TBL,-170
2022-02-26,NSH,145
2022-02-26,TOR,-220
2022-02-26,DET,180
2022-02-26,COL,-130
2022-02-26,VGK,110
2022-02-26,BOS,-185
2022-02-26,SJS,155
2022-02-26,MIN,115
2022-02-26,CGY,-135
2022-02-26,NYI,100
2022-02-26,LAK,-120
2022-02-27,EDM,170
2022-02-27,CAR,-200
2022-02-27,BUF,225
2022-02-27,DAL,-275
2022-02-27,STL,-185
2022-02-27,CHI,155
2022-02-27,WPG,-210
2022-02-27,ARI,175
2022-02-27,PIT,-235
2022-02-27,CBJ,190
2022-02-27,VAN,125
2022-02-27,NYR,-145
2022-02-27,NYI,-105
2022-02-27,ANA,-115
2022-02-27,SEA,105
2022-02-27,SJS,-125
2022-02-28,VAN,105
2022-02-28,NJD,-125
2022-02-28,TOR,-110
2022-02-28,WSH,-110
2022-02-28,BOS,-120
2022-02-28,LAK,100
2022-03-01,OTT,270
2022-03-01,TBL,-340
2022-03-01,NJD,130
2022-03-01,CBJ,-150
2022-03-01,EDM,-165
2022-03-01,PHI,140
2022-03-01,CAR,-225
2022-03-01,DET,185
2022-03-01,CGY,-105
2022-03-01,MIN,-115
2022-03-01,MTL,195
2022-03-01,WPG,-245
2022-03-01,NYI,235
2022-03-01,COL,-290
2022-03-01,SJS,190
2022-03-01,VGK,-235
2022-03-01,BOS,-200
2022-03-01,ANA,170
2022-03-02,BUF,310
2022-03-02,TOR,-400
2022-03-02,STL,-120
2022-03-02,NYR,100
2022-03-02,LAK,130
2022-03-02,DAL,-150
2022-03-02,NSH,-170
2022-03-02,SEA,145
2022-03-03,MIN,-200
2022-03-03,PHI,170
2022-03-03,CAR,-130
2022-03-03,WSH,110
2022-03-03,PIT,150
2022-03-03,TBL,-180
2022-03-03,OTT,305
2022-03-03,FLA,-390
2022-03-03,VAN,100
2022-03-03,NYI,-120
2022-03-03,EDM,-150
2022-03-03,CHI,130
2022-03-03,COL,-420
2022-03-03,ARI,320
2022-03-03,BOS,100
2022-03-03,VGK,-120
2022-03-03,MTL,320
2022-03-03,CGY,-420
2022-03-04,NJD,140
2022-03-04,NYR,-165
2022-03-04,DET,280
2022-03-04,TBL,-350
2022-03-04,MIN,-185
2022-03-04,BUF,155
2022-03-04,LAK,-140
2022-03-04,CBJ,120
2022-03-04,PIT,125
2022-03-04,CAR,-145
2022-03-04,DAL,-115
2022-03-04,WPG,-105
2022-03-04,VGK,-125
2022-03-04,ANA,105
2022-03-05,STL,-135
2022-03-05,NYI,115
2022-03-05,CHI,100
2022-03-05,PHI,-120
2022-03-05,OTT,-115
2022-03-05,ARI,-105
2022-03-05,DET,240
2022-03-05,FLA,-300
2022-03-05,VAN,195
2022-03-05,TOR,-245
2022-03-05,BOS,-190
2022-03-05,CBJ,160
2022-03-05,SEA,210
2022-03-05,WSH,-260
2022-03-05,MTL,230
2022-03-05,EDM,-280
2022-03-05,NSH,-140
2022-03-05,SJS,120
2022-03-05,CGY,125
2022-03-05,COL,-145
2022-03-06,LAK,-180
2022-03-06,BUF,150
2022-03-06,STL,-170
2022-03-06,NJD,145
2022-03-06,DAL,115
2022-03-06,MIN,-135
2022-03-06,NYR,100
2022-03-06,WPG,-120
2022-03-06,TBL,-250
2022-03-06,CHI,200
2022-03-06,SEA,245
2022-03-06,CAR,-305
2022-03-06,OTT,290
2022-03-06,VGK,-360
2022-03-06,SJS,140
2022-03-06,ANA,-165
2022-03-07,LAK,165
2022-03-07,BOS,-195
2022-03-07,FLA,-275
2022-03-07,BUF,225
2022-03-07,TOR,-220
2022-03-07,CBJ,180
2022-03-07,COL,-195
2022-03-07,NYI,165
2022-03-07,EDM,150
2022-03-07,CGY,-180
2022-03-08,FLA,480
2022-03-08,PIT,-183
2022-03-08,VGK,-170
2022-03-08,PHI,145
2022-03-08,COL,-200
2022-03-08,NJD,170
2022-03-08,ARI,140
2022-03-08,DET,-165
2022-03-08,SEA,220
2022-03-08,TOR,-270
2022-03-08,NYR,125
2022-03-08,MIN,-145
2022-03-08,OTT,235
2022-03-08,STL,-290
2022-03-08,TBL,-180
2022-03-08,WPG,150
2022-03-08,DAL,-105
2022-03-08,NSH,-115
2022-03-08,ANA,110
2022-03-08,CHI,-130
2022-03-08,WSH,120
2022-03-08,CGY,-140
2022-03-09,WSH,110
2022-03-09,EDM,-130
2022-03-09,MTL,170
2022-03-09,VAN,-200
2022-03-10,CHI,230
2022-03-10,BOS,-280
2022-03-10,VGK,-220
2022-03-10,BUF,180
2022-03-10,ARI,310
2022-03-10,TOR,-400
2022-03-10,COL,-120
2022-03-10,CAR,100
2022-03-10,SEA,105
2022-03-10,OTT,-125
2022-03-10,PHI,310
2022-03-10,FLA,-400
2022-03-10,MIN,-170
2022-03-10,DET,145
2022-03-10,WPG,-110
2022-03-10,NJD,-110
2022-03-10,CBJ,135
2022-03-10,NYI,-160
2022-03-10,NYR,110
2022-03-10,STL,-130
2022-03-10,ANA,170
2022-03-10,NSH,-200
2022-03-10,TBL,-110
2022-03-10,CGY,-110
2022-03-10,SJS,190
2022-03-10,LAK,-235
2022-03-11,MIN,-200
2022-03-11,CBJ,170
2022-03-11,VGK,125
2022-03-11,PIT,-145
2022-03-11,WPG,105
2022-03-11,NYI,-125
2022-03-11,WSH,100
2022-03-11,VAN,-120
2022-03-12,STL,105
2022-03-12,NSH,-125
2022-03-12,PHI,260
2022-03-12,CAR,-320
2022-03-12,CHI,-110
2022-03-12,OTT,-110
2022-03-12,ANA,120
2022-03-12,NJD,-140
2022-03-12,SEA,-110
2022-03-12,MTL,-110
2022-03-12,ARI,300
2022-03-12,BOS,-380
2022-03-12,DET,280
2022-03-12,CGY,-350
2022-03-12,NYR,110
2022-03-12,DAL,-130
2022-03-12,LAK,-130
2022-03-12,SJS,110
2022-03-12,TBL,-140
2022-03-12,EDM,120
2022-03-13,CAR,162
2022-03-13,PIT,165
2022-03-13,TOR,-280
2022-03-13,BUF,230
2022-03-13,NSH,120
2022-03-13,MIN,-140
2022-03-13,VGK,-190
2022-03-13,CBJ,160
2022-03-13,WPG,125
2022-03-13,STL,-145
2022-03-13,MTL,125
2022-03-13,PHI,-145
2022-03-13,ANA,135
2022-03-13,NYI,-160
2022-03-13,CGY,135
2022-03-13,COL,-160
2022-03-13,FLA,-170
2022-03-13,LAK,145
2022-03-13,TBL,-160
2022-03-13,VAN,135
2022-03-14,ARI,120
2022-03-14,OTT,-140
2022-03-15,NYI,130
2022-03-15,WSH,-150
2022-03-15,ANA,175
2022-03-15,NYR,-210
2022-03-15,ARI,140
2022-03-15,MTL,-165
2022-03-15,DAL,125
2022-03-15,TOR,-145
2022-03-15,VGK,-110
2022-03-15,WPG,-110
2022-03-15,PIT,-110
2022-03-15,NSH,-110
2022-03-15,BOS,-190
2022-03-15,CHI,160
2022-03-15,DET,220
2022-03-15,EDM,-270
2022-03-15,NJD,130
2022-03-15,VAN,-150
2022-03-15,COL,-195
2022-03-15,LAK,165
2022-03-15,FLA,-210
2022-03-15,SJS,175
2022-03-16,CBJ,100
2022-03-16,OTT,-120
2022-03-16,BOS,100
2022-03-16,MIN,-120
2022-03-16,NJD,260
2022-03-16,CGY,-320
2022-03-16,TBL,-245
2022-03-16,SEA,195
2022-03-17,CAR,-105
2022-03-17,TOR,-115
2022-03-17,NSH,-185
2022-03-17,PHI,155
2022-03-17,DAL,-210
2022-03-17,MTL,175
2022-03-17,WSH,-235
2022-03-17,CBJ,190
2022-03-17,NYI,115
2022-03-17,NYR,-135
2022-03-17,PIT,-115
2022-03-17,STL,-105
2022-03-17,BUF,210
2022-03-17,EDM,-260
2022-03-17,SJS,145
2022-03-17,LAK,-170
2022-03-17,DET,165
2022-03-17,VAN,-195
2022-03-17,FLA,-130
2022-03-17,VGK,110
2022-03-18,PHI,100
2022-03-18,OTT,-120
2022-03-18,WSH,130
2022-03-18,CAR,-150
2022-03-18,BOS,-125
2022-03-18,WPG,105
2022-03-18,BUF,270
2022-03-18,CGY,-340
2022-03-18,FLA,-220
2022-03-18,ANA,180
2022-03-18,COL,-245
2022-03-18,SJS,195
2022-03-19,CHI,200
2022-03-19,MIN,-250
2022-03-19,DAL,-105
2022-03-19,NYI,-115
2022-03-19,NJD,175
2022-03-19,EDM,-210
2022-03-19,LAK,125
2022-03-19,VGK,-145
2022-03-19,PIT,-255
2022-03-19,ARI,205
2022-03-19,STL,-180
2022-03-19,CBJ,150
2022-03-19,TOR,-125
2022-03-19,NSH,105
2022-03-19,OTT,120
2022-03-19,MTL,-140
2022-03-19,NYR,165
2022-03-19,TBL,-195
2022-03-19,CGY,-140
2022-03-19,VAN,120
2022-03-19,DET,-105
2022-03-19,SEA,-115
2022-03-20,NYI,-135
2022-03-20,PHI,115
2022-03-20,DAL,130
2022-03-20,WSH,-150
2022-03-20,NYR,170
2022-03-20,CAR,-200
2022-03-20,ARI,190
2022-03-20,SJS,-235
2022-03-20,WPG,-130
2022-03-20,CHI,110
2022-03-20,BUF,190
2022-03-20,VAN,-235
2022-03-21,BOS,-245
2022-03-21,MTL,195
2022-03-21,VGK,135
2022-03-21,MIN,-160
2022-03-21,EDM,170
2022-03-21,COL,-200
2022-03-21,NSH,-165
2022-03-21,ANA,140
2022-03-22,TBL,105
2022-03-22,CAR,-125
2022-03-22,CBJ,250
2022-03-22,PIT,-310
2022-03-22,NYR,-180
2022-03-22,NJD,150
2022-03-22,STL,120
2022-03-22,WSH,-140
2022-03-22,PHI,115
2022-03-22,DET,-135
2022-03-22,OTT,205
2022-03-22,NYI,-255
2022-03-22,VGK,115
2022-03-22,WPG,-135
2022-03-22,EDM,125
2022-03-22,DAL,-145
2022-03-22,SJS,235
2022-03-22,CGY,-290
2022-03-22,SEA,100
2022-03-22,ARI,-120
2022-03-22,NSH,100
2022-03-22,LAK,-120
2022-03-23,NJD,265
2022-03-23,TOR,-330
2022-03-23,PIT,-220
2022-03-23,BUF,180
2022-03-23,VAN,210
2022-03-23,COL,-260
2022-03-23,CHI,100
2022-03-23,ANA,-120
2022-03-24,TBL,-110
2022-03-24,BOS,-110
2022-03-24,FLA,-255
2022-03-24,MTL,205
2022-03-24,DAL,155
2022-03-24,CAR,-185
2022-03-24,DET,180
2022-03-24,NYI,-220
2022-03-24,PHI,225
2022-03-24,STL,-275
2022-03-24,VAN,180
2022-03-24,MIN,-220
2022-03-24,OTT,225
2022-03-24,WPG,-275
2022-03-24,SJS,205
2022-03-24,EDM,-255
2022-03-24,CHI,165
2022-03-24,LAK,-195
2022-03-24,NSH,-115
2022-03-24,VGK,-105
2022-03-25,PIT,-110
2022-03-25,NYR,-110
2022-03-25,WSH,-210
2022-03-25,BUF,175
2022-03-25,CBJ,175
2022-03-25,WPG,-210
2022-03-25,PHI,320
2022-03-25,COL,-420
2022-03-25,ARI,335
2022-03-25,CGY,-435
2022-03-26,NYI,160
2022-03-26,BOS,-190
2022-03-26,TBL,-270
2022-03-26,DET,220
2022-03-26,CHI,160
2022-03-26,VGK,-190
2022-03-26,NJD,175
2022-03-26,WSH,-210
2022-03-26,VAN,125
2022-03-26,DAL,-145
2022-03-26,FLA,-290
2022-03-26,OTT,235
2022-03-26,TOR,-260
2022-03-26,MTL,210
2022-03-26,CBJ,195
2022-03-26,MIN,-245
2022-03-26,CAR,-115
2022-03-26,STL,-105
2022-03-26,EDM,145
2022-03-26,CGY,-170
2022-03-26,ANA,130
2022-03-26,SJS,-150
2022-03-26,SEA,190
2022-03-26,LAK,-235
2022-03-27,TBL,-140
2022-03-27,NYI,120
2022-03-27,DET,240
2022-03-27,PIT,-300
2022-03-27,BUF,235
2022-03-27,NYR,-290
2022-03-27,COL,-130
2022-03-27,MIN,110
2022-03-27,PHI,220
2022-03-27,NSH,-270
2022-03-27,MTL,135
2022-03-27,NJD,-160
2022-03-27,FLA,-105
2022-03-27,TOR,-115
2022-03-27,ARI,220
2022-03-27,WPG,-270
2022-03-28,CAR,-135
2022-03-28,WSH,115
2022-03-28,VAN,115
2022-03-28,STL,-135
2022-03-28,BUF,135
2022-03-28,CHI,-160
2022-03-28,ARI,290
2022-03-28,EDM,-360
2022-03-28,SEA,195
2022-03-28,LAK,-245
2022-03-29,TOR,105
2022-03-29,BOS,-125
2022-03-29,NYR,140
2022-03-29,PIT,-165
2022-03-29,NYI,-135
2022-03-29,CBJ,115
2022-03-29,MTL,305
2022-03-29,FLA,-390
2022-03-29,CAR,120
2022-03-29,TBL,-140
2022-03-29,OTT,185
2022-03-29,NSH,-225
2022-03-29,PHI,235
2022-03-29,MIN,-290
2022-03-29,COL,-110
2022-03-29,CGY,-110
2022-03-29,DAL,-170
2022-03-29,ANA,145
2022-03-30,WPG,-160
2022-03-30,BUF,135
2022-03-30,NYR,-195
2022-03-30,DET,165
2022-03-30,LAK,160
2022-03-30,EDM,-190
2022-03-30,STL,-110
2022-03-30,VAN,-110
2022-03-30,VGK,-180
2022-03-30,SEA,150
2022-03-30,SJS,-140
2022-03-30,ARI,120
2022-03-31,NJD,220
2022-03-31,BOS,-270
2022-03-31,WPG,170
2022-03-31,TOR,-200
2022-03-31,CBJ,160
2022-03-31,NYI,-190
2022-03-31,MTL,315
2022-03-31,CAR,-410
2022-03-31,CHI,275
2022-03-31,FLA,-345
2022-03-31,PIT,-105
2022-03-31,MIN,-115
2022-03-31,LAK,210
2022-03-31,CGY,-260
2022-03-31,SJS,260
2022-03-31,COL,-320
2022-03-31,DAL,-180
2022-03-31,ANA,150
2022-04-01,CHI,230
2022-04-01,TBL,-280
2022-04-01,NSH,-185
2022-04-01,BUF,155
2022-04-01,NYI,135
2022-04-01,NYR,-160
2022-04-01,OTT,105
2022-04-01,DET,-125
2022-04-01,STL,110
2022-04-01,EDM,-130
2022-04-01,VGK,-160
2022-04-01,SEA,135
2022-04-01,ANA,-145
2022-04-01,ARI,125
2022-04-02,FLA,-200
2022-04-02,NJD,170
2022-04-02,PIT,115
2022-04-02,COL,-135
2022-04-02,LAK,110
2022-04-02,WPG,-130
2022-04-02,MTL,270
2022-04-02,TBL,-340
2022-04-02,TOR,-290
2022-04-02,PHI,235
2022-04-02,CBJ,265
2022-04-02,BOS,-330
2022-04-02,MIN,130
2022-04-02,CAR,-150
2022-04-02,STL,205
2022-04-02,CGY,-255
2022-04-02,DAL,-160
2022-04-02,SJS,135
2022-04-03,FLA,-280
2022-04-03,BUF,230
2022-04-03,DET,140
2022-04-03,OTT,-165
2022-04-03,NYI,-160
2022-04-03,NJD,135
2022-04-03,MIN,110
2022-04-03,WSH,-130
2022-04-03,VGK,-110
2022-04-03,VAN,-110
2022-04-03,PHI,245
2022-04-03,NYR,-305
2022-04-03,ARI,170
2022-04-03,CHI,-200
2022-04-03,EDM,-200
2022-04-03,ANA,170
2022-04-03,DAL,-165
2022-04-03,SEA,140
2022-04-04,BOS,-235
2022-04-04,CBJ,190
2022-04-04,TOR,110
2022-04-04,TBL,-130
2022-04-04,ARI,300
2022-04-04,STL,-380
2022-04-04,CGY,-165
2022-04-04,LAK,140
2022-04-05,CBJ,105
2022-04-05,PHI,-125
2022-04-05,OTT,-120
2022-04-05,MTL,100
2022-04-05,NYR,-165
2022-04-05,NJD,140
2022-04-05,TOR,145
2022-04-05,FLA,-170
2022-04-05,COL,100
2022-04-05,PIT,-120
2022-04-05,CAR,-255
2022-04-05,BUF,205
2022-04-05,BOS,-195
2022-04-05,DET,165
2022-04-05,MIN,-115
2022-04-05,NSH,-105
2022-04-05,NYI,120
2022-04-05,DAL,-140
2022-04-05,EDM,-185
2022-04-05,SJS,155
2022-04-06,TBL,-150
2022-04-06,WSH,130
2022-04-06,DET,235
2022-04-06,WPG,-290
2022-04-06,SEA,195
2022-04-06,STL,-245
2022-04-06,VAN,130
2022-04-06,VGK,-150
2022-04-06,CGY,-255
2022-04-06,ANA,205
2022-04-07,PIT,100
2022-04-07,NYR,-120
2022-04-07,PHI,120
2022-04-07,CBJ,-140
2022-04-07,NSH,-190
2022-04-07,OTT,160
2022-04-07,MTL,145
2022-04-07,NJD,-170
2022-04-07,BUF,305
2022-04-07,CAR,-390
2022-04-07,SEA,130
2022-04-07,CHI,-150
2022-04-07,TOR,-140
2022-04-07,DAL,120
2022-04-07,VAN,-190
2022-04-07,ARI,160
2022-04-07,CGY,-235
2022-04-07,SJS,190
2022-04-07,EDM,-125
2022-04-07,LAK,105
2022-04-08,BOS,135
2022-04-08,TBL,-160
2022-04-08,BUF,290
2022-04-08,FLA,-360
2022-04-08,NYI,150
2022-04-08,CAR,-180
2022-04-08,MIN,-110
2022-04-08,STL,-110
2022-04-08,COL,-200
2022-04-08,WPG,170
2022-04-09,NJD,215
2022-04-09,DAL,-265
2022-04-09,WSH,125
2022-04-09,PIT,-145
2022-04-09,FLA,-135
2022-04-09,NSH,115
2022-04-09,MTL,320
2022-04-09,TOR,-420
2022-04-09,CBJ,-110
2022-04-09,DET,-110
2022-04-09,OTT,215
2022-04-09,NYR,-265
2022-04-09,CGY,-200
2022-04-09,SEA,170
2022-04-09,ANA,-110
2022-04-09,PHI,-110
2022-04-09,NYI,140
2022-04-09,STL,-165
2022-04-09,ARI,290
2022-04-09,VGK,-360
2022-04-09,COL,-140
2022-04-09,EDM,120
2022-04-09,SJS,120
2022-04-09,VAN,-140
2022-04-10,BOS,-110
2022-04-10,WSH,-110
2022-04-10,NSH,155
2022-04-10,PIT,-185
2022-04-10,BUF,310
2022-04-10,TBL,-400
2022-04-10,LAK,145
2022-04-10,MIN,-170
2022-04-10,ANA,315
2022-04-10,CAR,-410
2022-04-10,DAL,-160
2022-04-10,CHI,135
2022-04-10,WPG,-185
2022-04-10,OTT,155
2022-04-11,WPG,-145
2022-04-11,MTL,125
2022-04-12,STL,115
2022-04-12,BOS,-135
2022-04-12,ANA,350
2022-04-12,FLA,-450
2022-04-12,BUF,355
2022-04-12,TOR,-460
2022-04-12,PHI,195
2022-04-12,WSH,-245
2022-04-12,CAR,105
2022-04-12,NYR,-125
2022-04-12,OTT,120
2022-04-12,DET,-140
2022-04-12,PIT,-110
2022-04-12,NYI,-110
2022-04-12,SJS,170
2022-04-12,NSH,-200
2022-04-12,EDM,110
2022-04-12,MIN,-130
2022-04-12,LAK,-145
2022-04-12,CHI,125
2022-04-12,SEA,315
2022-04-12,CGY,-410
2022-04-12,TBL,-170
2022-04-12,DAL,145
2022-04-12,NJD,-135
2022-04-12,ARI,115
2022-04-12,VGK,-110
2022-04-12,VAN,-110
2022-04-13,NYR,-200
2022-04-13,PHI,170
2022-04-13,MTL,150
2022-04-13,CBJ,-180
2022-04-13,LAK,195
2022-04-13,COL,-245
2022-04-14,STL,-225
2022-04-14,BUF,185
2022-04-14,DET,295
2022-04-14,CAR,-370
2022-04-14,WSH,140
2022-04-14,TOR,-165
2022-04-14,NYI,135
2022-04-14,PIT,-160
2022-04-14,ANA,295
2022-04-14,TBL,-370
2022-04-14,OTT,235
2022-04-14,BOS,-290
2022-04-14,EDM,-110
2022-04-14,NSH,-110
2022-04-14,MIN,-115
2022-04-14,DAL,-105
2022-04-14,SJS,-115
2022-04-14,CHI,-105
2022-04-14,VGK,135
2022-04-14,CGY,-160
2022-04-14,NJD,280
2022-04-14,COL,-350
2022-04-14,ARI,225
2022-04-14,VAN,-275
2022-04-15,WPG,205
2022-04-15,FLA,-255
2022-04-15,NYI,-150
2022-04-15,MTL,130
2022-04-16,DET,330
2022-04-16,NYR,-430
2022-04-16,PIT,105
2022-04-16,BOS,-125
2022-04-16,CHI,235
2022-04-16,NSH,-290
2022-04-16,MIN,-110
2022-04-16,STL,-110
2022-04-16,VGK,100
2022-04-16,EDM,-120
2022-04-16,PHI,115
2022-04-16,BUF,-135
2022-04-16,TOR,-275
2022-04-16,OTT,225
2022-04-16,WSH,-270
2022-04-16,MTL,220
2022-04-16,WPG,200
2022-04-16,TBL,-250
2022-04-16,SJS,170
2022-04-16,DAL,-200
2022-04-16,CAR,115
2022-04-16,COL,-135
2022-04-16,ARI,355
2022-04-16,CGY,-460
2022-04-16,NJD,115
2022-04-16,SEA,-135
2022-04-16,CBJ,165
2022-04-16,LAK,-195
2022-04-17,FLA,-305
2022-04-17,DET,245
2022-04-17,BUF,100
2022-04-17,PHI,-120
2022-04-17,SJS,205
2022-04-17,MIN,-255
2022-04-17,STL,-120
2022-04-17,NSH,100
2022-04-17,NYI,165
2022-04-17,TOR,-195
2022-04-17,CBJ,120
2022-04-17,ANA,-140
2022-04-18,CGY,-280
2022-04-18,CHI,230
2022-04-18,WSH,165
2022-04-18,COL,-195
2022-04-18,NJD,260
2022-04-18,VGK,-320
2022-04-18,CAR,-355
2022-04-18,ARI,285
2022-04-18,OTT,105
2022-04-18,SEA,-125
2022-04-18,DAL,-115
2022-04-18,VAN,-105
2022-04-19,PHI,335
2022-04-19,TOR,-435
2022-04-19,WPG,170
2022-04-19,NYR,-200
2022-04-19,MIN,-270
2022-04-19,MTL,220
2022-04-19,DET,380
2022-04-19,TBL,-510
2022-04-19,FLA,-195
2022-04-19,NYI,165
2022-04-19,BOS,115
2022-04-19,STL,-135
2022-04-19,CGY,-140
2022-04-19,NSH,120
2022-04-19,LAK,-170
2022-04-19,ANA,145
2022-04-19,OTT,200
2022-04-19,VAN,-250
2022-04-19,CBJ,110
2022-04-19,SJS,-130
2022-04-20,DAL,135
2022-04-20,EDM,-160
2022-04-20,CHI,-160
2022-04-20,ARI,135
2022-04-20,WSH,110
2022-04-20,VGK,-130
2022-04-20,COL,-355
2022-04-20,SEA,285
2022-04-21,DET,455
2022-04-21,FLA,-610
2022-04-21,BUF,110
2022-04-21,NJD,-130
2022-04-21,PHI,115
2022-04-21,MTL,-135
2022-04-21,BOS,105
2022-04-21,PIT,-125
2022-04-21,WPG,205
2022-04-21,CAR,-255
2022-04-21,NYR,-130
2022-04-21,NYI,110
2022-04-21,TOR,-105
2022-04-21,TBL,-115
2022-04-21,VAN,145
2022-04-21,MIN,-170
2022-04-21,DAL,185
2022-04-21,CGY,-225
2022-04-21,CHI,195
2022-04-21,LAK,-245
2022-04-21,STL,-195
2022-04-21,SJS,165
2022-04-22,OTT,110
2022-04-22,CBJ,-130
2022-04-22,SEA,235
2022-04-22,MIN,-290
2022-04-22,COL,-115
2022-04-22,EDM,-105
2022-04-22,WSH,-390
2022-04-22,ARI,305
2022-04-23,PIT,-290
2022-04-23,DET,235
2022-04-23,CAR,-245
2022-04-23,NJD,195
2022-04-23,NYI,-150
2022-04-23,BUF,130
2022-04-23,NYR,110
2022-04-23,BOS,-130
2022-04-23,NSH,145
2022-04-23,TBL,-170
2022-04-23,TOR,130
2022-04-23,FLA,-150
2022-04-23,MTL,135
2022-04-23,OTT,-160
2022-04-23,SEA,230
2022-04-23,DAL,-280
2022-04-23,CHI,120
2022-04-23,SJS,-140
2022-04-23,VAN,190
2022-04-23,CGY,-235
2022-04-23,STL,-360
2022-04-23,ARI,290
2022-04-23,ANA,210
2022-04-23,LAK,-260
2022-04-24,CAR,-160
2022-04-24,NYI,135
2022-04-24,EDM,-250
2022-04-24,CBJ,200
2022-04-24,DET,145
2022-04-24,NJD,-170
2022-04-24,PIT,-270
2022-04-24,PHI,220
2022-04-24,TBL,115
2022-04-24,FLA,-135
2022-04-24,COL,-210
2022-04-24,WPG,175
2022-04-24,TOR,100
2022-04-24,WSH,-120
2022-04-24,BOS,-280
2022-04-24,MTL,230
2022-04-24,MIN,-120
2022-04-24,NSH,100
2022-04-24,STL,-255
2022-04-24,ANA,205
2022-04-24,SJS,270
2022-04-24,VGK,-340
2022-04-25,PHI,115
2022-04-25,CHI,-135
2022-04-26,CAR,-110
2022-04-26,NYR,-110
2022-04-26,CBJ,295
2022-04-26,TBL,-370
2022-04-26,EDM,135
2022-04-26,PIT,-160
2022-04-26,NJD,110
2022-04-26,OTT,-130
2022-04-26,NYI,160
2022-04-26,WSH,-190
2022-04-26,FLA,-130
2022-04-26,BOS,110
2022-04-26,DET,360
2022-04-26,TOR,-480
2022-04-26,CGY,-135
2022-04-26,NSH,115
2022-04-26,ARI,415
2022-04-26,MIN,-565
2022-04-26,VGK,105
2022-04-26,DAL,-125
2022-04-26,STL,145
2022-04-26,COL,-170
2022-04-26,SEA,200
2022-04-26,VAN,-250
2022-04-26,ANA,115
2022-04-26,SJS,-135
2022-04-27,PHI,160
2022-04-27,WPG,-190
2022-04-27,MTL,300
2022-04-27,NYR,-380
2022-04-27,ARI,370
2022-04-27,DAL,-495
2022-04-27,VGK,-220
2022-04-27,CHI,180
2022-04-27,LAK,-180
2022-04-27,SEA,150
2022-04-28,NJD,270
2022-04-28,CAR,-340
2022-04-28,BUF,265
2022-04-28,BOS,-330
2022-04-28,FLA,-270
2022-04-28,OTT,220
2022-04-28,WSH,-135
2022-04-28,NYI,115
2022-04-28,TBL,-280
2022-04-28,CBJ,230
2022-04-28,CGY,-110
2022-04-28,MIN,-110
2022-04-28,NSH,190
2022-04-28,COL,-235
2022-04-28,SJS,275
2022-04-28,EDM,-345
2022-04-28,LAK,105
2022-04-28,VAN,-125
2022-04-29,CHI,110
2022-04-29,BUF,-130
2022-04-29,WSH,-110
2022-04-29,NYR,-110
2022-04-29,DET,135
2022-04-29,NJD,-160
2022-04-29,OTT,105
2022-04-29,PHI,-125
2022-04-29,BOS,100
2022-04-29,TOR,-120
2022-04-29,FLA,-330
2022-04-29,MTL,265
2022-04-29,CBJ,260
2022-04-29,PIT,-320
2022-04-29,TBL,-200
2022-04-29,NYI,170
2022-04-29,VGK,135
2022-04-29,STL,-160
2022-04-29,COL,-130
2022-04-29,MIN,110
2022-04-29,CGY,-180
2022-04-29,WPG,150
2022-04-29,ANA,190
2022-04-29,DAL,-235
2022-04-29,VAN,165
2022-04-29,EDM,-195
2022-04-29,SJS,100
2022-04-29,SEA,-120
2022-04-29,NSH,-280
2022-04-29,ARI,230
2022-05-01,SEA,155
2022-05-01,WPG,-185
