Unnamed: 0,date_recorded,time_recorded,game_id,date_game,time_game,team,pl_line,pl_odds
0.0,2023-02-13,14:00:00,1,2023-02-13,,CGY Flames,-1.5,+145
1.0,2023-02-13,14:00:00,1,2023-02-13,,OTT Senators,1.5,−195
2.0,2023-02-13,14:00:00,2,2023-02-13,,ARI Coyotes,1.5,−120
3.0,2023-02-13,14:00:00,2,2023-02-13,,NSH Predators,-1.5,+100
4.0,2023-02-13,14:00:00,3,2023-02-13,,FLA Panthers,1.5,−290
5.0,2023-02-13,14:00:00,3,2023-02-13,,MIN Wild,-1.5,+205
6.0,2023-02-13,14:00:00,4,2023-02-13,,DET Red Wings,1.5,−260
7.0,2023-02-13,14:00:00,4,2023-02-13,,VAN Canucks,-1.5,+185
8.0,2023-02-13,14:00:00,5,2023-02-13,,BUF Sabres,1.5,−220
9.0,2023-02-13,14:00:00,5,2023-02-13,,LA Kings,-1.5,+160
10.0,2023-02-14,17:07:23,6,2023-02-14,,CAR Hurricanes,-1.5,+145
11.0,2023-02-14,17:07:23,6,2023-02-14,,WAS Capitals,1.5,−195
12.0,2023-02-14,17:07:23,7,2023-02-14,,CHI Blackhawks,1.5,−225
13.0,2023-02-14,17:07:23,7,2023-02-14,,MTL Canadiens,-1.5,+165
14.0,2023-02-14,17:07:23,8,2023-02-14,,NJ Devils,-1.5,+115
15.0,2023-02-14,17:07:23,8,2023-02-14,,CBJ Blue Jackets,1.5,−145
16.0,2023-02-14,17:07:23,9,2023-02-14,,OTT Senators,1.5,−155
17.0,2023-02-14,17:07:23,9,2023-02-14,,NY Islanders,-1.5,+125
18.0,2023-02-14,17:07:23,10,2023-02-14,,FLA Panthers,-1.5,+170
19.0,2023-02-14,17:07:23,10,2023-02-14,,STL Blues,1.5,−235
20.0,2023-02-14,17:07:23,11,2023-02-14,,SEA Kraken,1.5,−225
21.0,2023-02-14,17:07:23,11,2023-02-14,,WPG Jets,-1.5,+165
22.0,2023-02-14,17:07:23,12,2023-02-14,,BOS Bruins,-1.5,+195
23.0,2023-02-14,17:07:23,12,2023-02-14,,DAL Stars,1.5,−275
24.0,2023-02-14,17:07:23,13,2023-02-14,,TB Lightning,-1.5,+195
25.0,2023-02-14,17:07:23,13,2023-02-14,,COL Avalanche,1.5,−275
26.0,2023-02-14,17:07:23,14,2023-02-14,,PIT Penguins,-1.5,+140
27.0,2023-02-14,17:07:23,14,2023-02-14,,SJ Sharks,1.5,−185
28.0,2023-02-15,16:51:02,15,2023-02-15,,CHI Blackhawks,2.5,−110
29.0,2023-02-15,16:51:02,15,2023-02-15,,TOR Maple Leafs,-2.5,−110
30.0,2023-02-15,16:51:02,16,2023-02-15,,TB Lightning,-1.5,+100
31.0,2023-02-15,16:51:02,16,2023-02-15,,ARI Coyotes,1.5,−120
32.0,2023-02-15,16:51:02,17,2023-02-15,,DET Red Wings,1.5,−120
33.0,2023-02-15,16:51:02,17,2023-02-15,,EDM Oilers,-1.5,+100
34.0,2023-02-15,16:51:02,18,2023-02-15,,COL Avalanche,1.5,−220
35.0,2023-02-15,16:51:02,18,2023-02-15,,MIN Wild,-1.5,+160
36.0,2023-02-15,16:51:02,19,2023-02-15,,NY Rangers,-1.5,+125
37.0,2023-02-15,16:51:02,19,2023-02-15,,VAN Canucks,1.5,−155
38.0,2023-02-15,16:51:02,20,2023-02-15,,BUF Sabres,-1.5,+105
39.0,2023-02-15,16:51:02,20,2023-02-15,,ANA Ducks,1.5,−130
40.0,2023-02-16,13:46:00,21,2023-02-16,18:00:00,MTL Canadiens,1.5,+135
41.0,2023-02-16,13:46:00,21,2023-02-16,18:00:00,CAR Hurricanes,-1.5,−175
42.0,2023-02-16,13:46:00,22,2023-02-16,18:08:00,WPG Jets,-1.5,+125
43.0,2023-02-16,13:46:00,22,2023-02-16,18:08:00,CBJ Blue Jackets,1.5,−155
44.0,2023-02-16,13:46:00,23,2023-02-16,18:08:00,FLA Panthers,-1.5,+180
45.0,2023-02-16,13:46:00,23,2023-02-16,18:08:00,WAS Capitals,1.5,−250
46.0,2023-02-16,13:46:00,24,2023-02-16,19:00:00,BOS Bruins,-1.5,+130
47.0,2023-02-16,13:46:00,24,2023-02-16,19:00:00,NSH Predators,1.5,−165
48.0,2023-02-16,13:46:00,25,2023-02-16,20:00:00,DET Red Wings,1.5,−130
49.0,2023-02-16,13:46:00,25,2023-02-16,20:00:00,CGY Flames,-1.5,+105
50.0,2023-02-16,13:46:00,26,2023-02-16,20:00:00,NJ Devils,-1.5,+150
51.0,2023-02-16,13:46:00,26,2023-02-16,20:00:00,STL Blues,1.5,−205
52.0,2023-02-16,13:46:00,27,2023-02-16,21:00:00,SJ Sharks,1.5,−155
53.0,2023-02-16,13:46:00,27,2023-02-16,21:00:00,VGK Golden Knights,-1.5,+125
54.0,2023-02-16,13:46:00,28,2023-02-16,21:00:00,PHI Flyers,1.5,−155
55.0,2023-02-16,13:46:00,28,2023-02-16,21:00:00,SEA Kraken,-1.5,+125
56.0,2023-02-17,10:05:42,29,2023-02-17,18:08:00,CHI Blackhawks,1.5,−110
57.0,2023-02-17,10:05:42,29,2023-02-17,18:08:00,OTT Senators,-1.5,−110
58.0,2023-02-17,10:05:42,30,2023-02-17,18:08:00,PIT Penguins,1.5,−290
59.0,2023-02-17,10:05:42,30,2023-02-17,18:08:00,NY Islanders,-1.5,+205
60.0,2023-02-17,10:05:42,31,2023-02-17,19:08:00,DAL Stars,1.5,−315
61.0,2023-02-17,10:05:42,31,2023-02-17,19:08:00,MIN Wild,-1.5,+220
62.0,2023-02-17,10:05:42,32,2023-02-17,20:08:00,LA Kings,-1.5,−110
63.0,2023-02-17,10:05:42,32,2023-02-17,20:08:00,ANA Ducks,1.5,−110
64.0,2023-02-17,10:05:42,33,2023-02-17,20:08:00,NY Rangers,1.5,−240
65.0,2023-02-17,10:05:42,33,2023-02-17,20:08:00,EDM Oilers,-1.5,+175
66.0,2023-02-18,10:12:07,34,2023-02-18,13:00:00,FLA Panthers,-1.5,+180
67.0,2023-02-18,10:12:07,34,2023-02-18,13:00:00,NSH Predators,1.5,−250
68.0,2023-02-18,10:12:07,35,2023-02-18,13:00:00,COL Avalanche,-1.5,+135
69.0,2023-02-18,10:12:07,35,2023-02-18,13:00:00,STL Blues,1.5,−175
70.0,2023-02-18,10:12:07,36,2023-02-18,16:08:00,NY Islanders,1.5,−120
71.0,2023-02-18,10:12:07,36,2023-02-18,16:08:00,BOS Bruins,-1.5,+100
72.0,2023-02-18,10:12:07,37,2023-02-18,16:30:00,NJ Devils,-1.5,+195
73.0,2023-02-18,10:12:07,37,2023-02-18,16:30:00,PIT Penguins,1.5,−275
74.0,2023-02-18,10:12:07,38,2023-02-18,17:00:00,CBJ Blue Jackets,1.5,−130
75.0,2023-02-18,10:12:07,38,2023-02-18,17:00:00,DAL Stars,-1.5,+105
76.0,2023-02-18,10:13:32,39,2023-02-18,18:00:00,MTL Canadiens,1.5,+125
77.0,2023-02-18,10:13:32,39,2023-02-18,18:00:00,TOR Maple Leafs,-1.5,−155
78.0,2023-02-18,10:13:32,40,2023-02-18,19:00:00,WAS Capitals,1.5,−155
79.0,2023-02-18,10:13:32,40,2023-02-18,19:00:00,CAR Hurricanes,-1.5,+125
80.0,2023-02-18,10:13:32,41,2023-02-18,21:00:00,NY Rangers,1.5,−220
81.0,2023-02-18,10:13:32,41,2023-02-18,21:00:00,CGY Flames,-1.5,+160
82.0,2023-02-18,10:13:32,42,2023-02-18,21:00:00,PHI Flyers,1.5,−260
83.0,2023-02-18,10:13:32,42,2023-02-18,21:00:00,VAN Canucks,-1.5,+185
84.0,2023-02-18,10:13:32,43,2023-02-18,21:30:00,DET Red Wings,1.5,−175
85.0,2023-02-18,10:13:32,43,2023-02-18,21:30:00,SEA Kraken,-1.5,+135
86.0,2023-02-18,10:13:32,44,2023-02-18,21:30:00,BUF Sabres,-1.5,+175
87.0,2023-02-18,10:13:32,44,2023-02-18,21:30:00,SJ Sharks,1.5,−240
88.0,2023-02-18,10:13:32,45,2023-02-18,21:38:00,ARI Coyotes,1.5,−130
89.0,2023-02-18,10:13:32,45,2023-02-18,21:38:00,LA Kings,-1.5,+105
90.0,2023-02-18,10:13:32,46,2023-02-18,21:38:00,TB Lightning,-1.5,+185
91.0,2023-02-18,10:13:32,46,2023-02-18,21:38:00,VGK Golden Knights,1.5,−260
92.0,2023-02-19,11:33:35,47,2023-02-19,13:00:00,NSH Predators,1.5,−175
93.0,2023-02-19,11:33:35,47,2023-02-19,13:00:00,MIN Wild,-1.5,+135
94.0,2023-02-19,11:33:35,48,2023-02-19,13:00:00,STL Blues,1.5,−185
95.0,2023-02-19,11:33:35,48,2023-02-19,13:00:00,OTT Senators,-1.5,+140
96.0,2023-02-19,11:33:35,49,2023-02-19,14:00:00,EDM Oilers,1.5,−275
97.0,2023-02-19,11:33:35,49,2023-02-19,14:00:00,COL Avalanche,-1.5,+195
98.0,2023-02-19,11:33:35,50,2023-02-19,17:00:00,TOR Maple Leafs,-1.5,−120
99.0,2023-02-19,11:33:35,50,2023-02-19,17:00:00,CHI Blackhawks,1.5,+100
100.0,2023-02-19,11:35:35,51,2023-02-19,18:00:00,WPG Jets,1.5,−260
101.0,2023-02-19,11:35:35,51,2023-02-19,18:00:00,NJ Devils,-1.5,+185
102.0,2023-02-19,11:35:35,52,2023-02-19,19:38:00,CBJ Blue Jackets,1.5,−240
103.0,2023-02-19,11:35:35,52,2023-02-19,19:38:00,ARI Coyotes,-1.5,+175
104.0,2023-02-20,10:06:07,53,2023-02-20,12:00:00,OTT Senators,1.5,+110
105.0,2023-02-20,10:06:07,53,2023-02-20,12:00:00,BOS Bruins,-1.5,−140
106.0,2023-02-20,10:06:07,54,2023-02-20,12:00:00,ANA Ducks,1.5,+140
107.0,2023-02-20,10:06:07,54,2023-02-20,12:00:00,FLA Panthers,-1.5,−185
108.0,2023-02-20,10:06:07,55,2023-02-20,15:00:00,SEA Kraken,-1.5,+155
109.0,2023-02-20,10:06:07,55,2023-02-20,15:00:00,SJ Sharks,1.5,−210
110.0,2023-02-20,10:06:07,56,2023-02-20,15:00:00,PHI Flyers,1.5,−130
111.0,2023-02-20,10:06:07,56,2023-02-20,15:00:00,CGY Flames,-1.5,+105
112.0,2023-02-20,11:06:44,57,2023-02-20,18:00:00,WPG Jets,1.5,−175
113.0,2023-02-20,11:06:44,57,2023-02-20,18:00:00,NY Rangers,-1.5,+135
114.0,2023-02-20,11:06:44,58,2023-02-20,18:00:00,NY Islanders,1.5,−210
115.0,2023-02-20,11:06:44,58,2023-02-20,18:00:00,PIT Penguins,-1.5,+155
116.0,2023-02-21,10:13:59,59,2023-02-21,18:00:00,ANA Ducks,1.5,+155
117.0,2023-02-21,10:13:59,59,2023-02-21,18:00:00,TB Lightning,-1.5,−210
118.0,2023-02-21,10:13:59,60,2023-02-21,18:00:00,STL Blues,1.5,+110
119.0,2023-02-21,10:13:59,60,2023-02-21,18:00:00,CAR Hurricanes,-1.5,−140
120.0,2023-02-21,10:13:59,61,2023-02-21,18:00:00,MTL Canadiens,1.5,+110
121.0,2023-02-21,10:13:59,61,2023-02-21,18:00:00,NJ Devils,-1.5,−140
122.0,2023-02-21,10:13:59,62,2023-02-21,18:00:00,DET Red Wings,1.5,−205
123.0,2023-02-21,10:13:59,62,2023-02-21,18:00:00,WAS Capitals,-1.5,+150
124.0,2023-02-21,10:13:59,63,2023-02-21,18:30:00,TOR Maple Leafs,-1.5,+135
125.0,2023-02-21,10:13:59,63,2023-02-21,18:30:00,BUF Sabres,1.5,−175
126.0,2023-02-21,10:13:59,64,2023-02-21,19:00:00,VAN Canucks,1.5,−195
127.0,2023-02-21,10:13:59,64,2023-02-21,19:00:00,NSH Predators,-1.5,+145
128.0,2023-02-21,10:13:59,65,2023-02-21,19:00:00,LA Kings,1.5,−260
129.0,2023-02-21,10:13:59,65,2023-02-21,19:00:00,MIN Wild,-1.5,+185
130.0,2023-02-21,10:13:59,66,2023-02-21,19:30:00,VGK Golden Knights,-1.5,−110
131.0,2023-02-21,10:13:59,66,2023-02-21,19:30:00,CHI Blackhawks,1.5,−110
132.0,2023-02-21,10:13:59,67,2023-02-21,20:00:00,PHI Flyers,1.5,+100
133.0,2023-02-21,10:13:59,67,2023-02-21,20:00:00,EDM Oilers,-1.5,−120
134.0,2023-02-22,09:58:00,68,2023-02-22,18:08:00,WPG Jets,1.5,−280
135.0,2023-02-22,09:58:00,68,2023-02-22,18:08:00,NY Islanders,-1.5,+200
136.0,2023-02-22,09:58:00,69,2023-02-22,20:30:00,CHI Blackhawks,1.5,+130
137.0,2023-02-22,09:58:00,69,2023-02-22,20:30:00,DAL Stars,-1.5,−165
138.0,2023-02-22,09:58:00,70,2023-02-22,20:38:00,CGY Flames,-1.5,+115
139.0,2023-02-22,09:58:00,70,2023-02-22,20:38:00,ARI Coyotes,1.5,−145
140.0,2023-02-23,11:32:22,71,2023-02-23,18:00:00,BUF Sabres,1.5,−120
141.0,2023-02-23,11:32:22,71,2023-02-23,18:00:00,TB Lightning,-1.5,+100
142.0,2023-02-23,11:32:22,72,2023-02-23,18:00:00,NY Rangers,-1.5,+150
143.0,2023-02-23,11:32:22,72,2023-02-23,18:00:00,DET Red Wings,1.5,−205
144.0,2023-02-23,11:32:22,73,2023-02-23,18:00:00,MIN Wild,-1.5,+140
145.0,2023-02-23,11:32:22,73,2023-02-23,18:00:00,CBJ Blue Jackets,1.5,−185
146.0,2023-02-23,11:32:22,74,2023-02-23,18:00:00,ANA Ducks,1.5,+105
147.0,2023-02-23,11:32:22,74,2023-02-23,18:00:00,WAS Capitals,-1.5,−130
148.0,2023-02-23,11:32:22,75,2023-02-23,18:00:00,LA Kings,1.5,−205
149.0,2023-02-23,11:32:22,75,2023-02-23,18:00:00,NJ Devils,-1.5,+150
150.0,2023-02-23,11:32:22,76,2023-02-23,18:00:00,EDM Oilers,1.5,−265
151.0,2023-02-23,11:32:22,76,2023-02-23,18:00:00,PIT Penguins,-1.5,+190
152.0,2023-02-23,11:32:22,77,2023-02-23,19:00:00,VAN Canucks,1.5,−260
153.0,2023-02-23,11:32:22,77,2023-02-23,19:00:00,STL Blues,-1.5,+185
154.0,2023-02-23,11:32:22,78,2023-02-23,20:00:00,CGY Flames,1.5,−235
155.0,2023-02-23,11:32:22,78,2023-02-23,20:00:00,VGK Golden Knights,-1.5,+170
156.0,2023-02-23,11:32:22,79,2023-02-23,21:00:00,BOS Bruins,-1.5,+145
157.0,2023-02-23,11:32:22,79,2023-02-23,21:00:00,SEA Kraken,1.5,−195
158.0,2023-02-23,11:32:22,80,2023-02-23,21:30:00,NSH Predators,-1.5,+185
159.0,2023-02-23,11:32:22,80,2023-02-23,21:30:00,SJ Sharks,1.5,−260
160.0,2023-02-24,10:03:03,81,2023-02-24,18:00:00,MIN Wild,1.5,−150
161.0,2023-02-24,10:03:03,81,2023-02-24,18:00:00,TOR Maple Leafs,-1.5,+120
162.0,2023-02-24,10:03:03,82,2023-02-24,18:00:00,BUF Sabres,1.5,−140
163.0,2023-02-24,10:03:03,82,2023-02-24,18:00:00,FLA Panthers,-1.5,+110
164.0,2023-02-24,10:03:03,83,2023-02-24,18:08:00,OTT Senators,1.5,−115
165.0,2023-02-24,10:03:03,83,2023-02-24,18:08:00,CAR Hurricanes,-1.5,−105
166.0,2023-02-24,10:03:03,84,2023-02-24,18:08:00,MTL Canadiens,1.5,−210
167.0,2023-02-24,10:03:03,84,2023-02-24,18:08:00,PHI Flyers,-1.5,+155
168.0,2023-02-24,10:03:03,85,2023-02-24,18:30:00,LA Kings,1.5,−265
169.0,2023-02-24,10:03:03,85,2023-02-24,18:30:00,NY Islanders,-1.5,+190
170.0,2023-02-24,10:03:03,86,2023-02-24,19:08:00,COL Avalanche,-1.5,+205
171.0,2023-02-24,10:03:03,86,2023-02-24,19:08:00,WPG Jets,1.5,−290
172.0,2023-02-25,11:26:19,87,2023-02-25,11:30:00,EDM Oilers,-1.5,−110
173.0,2023-02-25,11:26:19,87,2023-02-25,11:30:00,CBJ Blue Jackets,1.5,−110
174.0,2023-02-25,11:26:19,88,2023-02-25,12:00:00,NY Rangers,-1.5,+155
175.0,2023-02-25,11:26:19,88,2023-02-25,12:00:00,WAS Capitals,1.5,−210
176.0,2023-02-25,11:26:19,89,2023-02-25,14:30:00,PIT Penguins,-1.5,+150
177.0,2023-02-25,11:26:19,89,2023-02-25,14:30:00,STL Blues,1.5,−205
178.0,2023-02-25,11:27:02,90,2023-02-25,18:00:00,ANA Ducks,1.5,+145
179.0,2023-02-25,11:27:02,90,2023-02-25,18:00:00,CAR Hurricanes,-1.5,−195
180.0,2023-02-25,11:27:02,91,2023-02-25,18:00:00,BOS Bruins,-1.5,−110
181.0,2023-02-25,11:27:02,91,2023-02-25,18:00:00,VAN Canucks,1.5,−110
182.0,2023-02-25,11:27:02,92,2023-02-25,18:00:00,PHI Flyers,1.5,+100
183.0,2023-02-25,11:27:02,92,2023-02-25,18:00:00,NJ Devils,-1.5,−120
184.0,2023-02-25,11:27:02,93,2023-02-25,18:00:00,OTT Senators,-1.5,+135
185.0,2023-02-25,11:27:02,93,2023-02-25,18:00:00,MTL Canadiens,1.5,−175
186.0,2023-02-25,11:27:02,94,2023-02-25,19:00:00,TB Lightning,-1.5,+140
187.0,2023-02-25,11:27:02,94,2023-02-25,19:00:00,DET Red Wings,1.5,−185
188.0,2023-02-25,11:27:02,95,2023-02-25,21:00:00,CGY Flames,1.5,−260
189.0,2023-02-25,11:27:02,95,2023-02-25,21:00:00,COL Avalanche,-1.5,+185
190.0,2023-02-25,11:27:02,96,2023-02-25,21:00:00,DAL Stars,1.5,−265
191.0,2023-02-25,11:27:02,96,2023-02-25,21:00:00,VGK Golden Knights,-1.5,+190
192.0,2023-02-25,11:27:02,97,2023-02-25,21:00:00,CHI Blackhawks,1.5,−155
193.0,2023-02-25,11:27:02,97,2023-02-25,21:00:00,SJ Sharks,-1.5,+125
194.0,2023-02-26,09:51:56,98,2023-02-26,12:00:00,WAS Capitals,1.5,−240
195.0,2023-02-26,09:51:56,98,2023-02-26,12:00:00,BUF Sabres,-1.5,+175
196.0,2023-02-26,09:51:56,99,2023-02-26,13:00:00,CBJ Blue Jackets,1.5,+105
197.0,2023-02-26,09:51:56,99,2023-02-26,13:00:00,MIN Wild,-1.5,−130
198.0,2023-02-26,09:51:56,100,2023-02-26,14:30:00,NY Islanders,1.5,−225
199.0,2023-02-26,09:51:56,100,2023-02-26,14:30:00,WPG Jets,-1.5,+165
200.0,2023-02-26,09:51:56,101,2023-02-26,16:00:00,LA Kings,1.5,−225
201.0,2023-02-26,09:51:56,101,2023-02-26,16:00:00,NY Rangers,-1.5,+165
202.0,2023-02-26,09:51:56,102,2023-02-26,17:00:00,TB Lightning,-1.5,+200
203.0,2023-02-26,09:51:56,102,2023-02-26,17:00:00,PIT Penguins,1.5,−280
204.0,2023-02-26,09:53:16,103,2023-02-26,18:00:00,TOR Maple Leafs,-1.5,+155
205.0,2023-02-26,09:53:16,103,2023-02-26,18:00:00,SEA Kraken,1.5,−210
206.0,2023-02-26,09:53:16,104,2023-02-26,18:00:00,NSH Predators,-1.5,+140
207.0,2023-02-26,09:53:16,104,2023-02-26,18:00:00,ARI Coyotes,1.5,−185
208.0,2023-02-27,10:00:04,105,2023-02-27,18:00:00,DET Red Wings,1.5,−225
209.0,2023-02-27,10:00:04,105,2023-02-27,18:00:00,OTT Senators,-1.5,+165
210.0,2023-02-27,10:00:04,106,2023-02-27,19:30:00,BOS Bruins,-1.5,+165
211.0,2023-02-27,10:00:04,106,2023-02-27,19:30:00,EDM Oilers,1.5,−225
212.0,2023-02-27,10:00:04,107,2023-02-27,19:30:00,VAN Canucks,1.5,−120
213.0,2023-02-27,10:00:04,107,2023-02-27,19:30:00,DAL Stars,-1.5,+100
214.0,2023-02-27,10:00:04,108,2023-02-27,20:00:00,VGK Golden Knights,1.5,−225
215.0,2023-02-27,10:00:04,108,2023-02-27,20:00:00,COL Avalanche,-1.5,+165
216.0,2023-02-27,10:00:04,109,2023-02-27,21:00:00,CHI Blackhawks,1.5,−240
217.0,2023-02-27,10:00:04,109,2023-02-27,21:00:00,ANA Ducks,-1.5,+175
218.0,2023-02-28,09:03:23,110,2023-02-28,18:00:00,DET Red Wings,1.5,−225
219.0,2023-02-28,09:03:23,110,2023-02-28,18:00:00,OTT Senators,-1.5,+165
220.0,2023-02-28,09:03:23,111,2023-02-28,18:08:00,FLA Panthers,1.5,−185
221.0,2023-02-28,09:03:23,111,2023-02-28,18:08:00,TB Lightning,-1.5,+140
222.0,2023-02-28,09:03:23,112,2023-02-28,18:38:00,CBJ Blue Jackets,1.5,−130
223.0,2023-02-28,09:03:23,112,2023-02-28,18:38:00,BUF Sabres,-1.5,+105
224.0,2023-02-28,09:03:23,113,2023-02-28,19:08:00,PIT Penguins,-1.5,+175
225.0,2023-02-28,09:03:23,113,2023-02-28,19:08:00,NSH Predators,1.5,−240
226.0,2023-02-28,09:03:23,114,2023-02-28,19:08:00,SEA Kraken,-1.5,+155
227.0,2023-02-28,09:03:23,114,2023-02-28,19:08:00,STL Blues,1.5,−210
228.0,2023-02-28,09:03:23,115,2023-02-28,19:08:00,NY Islanders,1.5,−235
229.0,2023-02-28,09:03:23,115,2023-02-28,19:08:00,MIN Wild,-1.5,+170
230.0,2023-02-28,09:03:23,116,2023-02-28,19:08:00,LA Kings,1.5,−235
231.0,2023-02-28,09:03:23,116,2023-02-28,19:08:00,WPG Jets,-1.5,+170
232.0,2023-02-28,09:03:23,117,2023-02-28,20:08:00,BOS Bruins,-1.5,+185
233.0,2023-02-28,09:03:23,117,2023-02-28,20:08:00,CGY Flames,1.5,−260
234.0,2023-02-28,09:03:23,118,2023-02-28,20:08:00,CHI Blackhawks,1.5,−165
235.0,2023-02-28,09:03:23,118,2023-02-28,20:08:00,ARI Coyotes,-1.5,+130
236.0,2023-02-28,09:03:23,119,2023-02-28,21:38:00,MTL Canadiens,1.5,−195
237.0,2023-02-28,09:03:23,119,2023-02-28,21:38:00,SJ Sharks,-1.5,+145
238.0,2023-03-01,10:22:54,120,2023-03-01,18:30:00,NY Rangers,-1.5,+110
239.0,2023-03-01,10:22:54,120,2023-03-01,18:30:00,PHI Flyers,1.5,−140
240.0,2023-03-01,10:22:54,121,2023-03-01,19:00:00,TOR Maple Leafs,-1.5,+190
241.0,2023-03-01,10:22:54,121,2023-03-01,19:00:00,EDM Oilers,1.5,−265
242.0,2023-03-01,10:22:54,122,2023-03-01,19:30:00,ARI Coyotes,1.5,+120
243.0,2023-03-01,10:22:54,122,2023-03-01,19:30:00,DAL Stars,-1.5,−150
244.0,2023-03-01,10:22:54,123,2023-03-01,20:00:00,NJ Devils,1.5,−260
245.0,2023-03-01,10:22:54,123,2023-03-01,20:00:00,COL Avalanche,-1.5,+185
246.0,2023-03-01,10:22:54,124,2023-03-01,21:00:00,CAR Hurricanes,-1.5,+170
247.0,2023-03-01,10:22:54,124,2023-03-01,21:00:00,VGK Golden Knights,1.5,−235
248.0,2023-03-01,10:22:54,125,2023-03-01,21:00:00,WAS Capitals,-1.5,+130
249.0,2023-03-01,10:22:54,125,2023-03-01,21:00:00,ANA Ducks,1.5,−165
250.0,2023-03-02,10:52:46,126,2023-03-02,18:00:00,NSH Predators,1.5,−175
251.0,2023-03-02,10:52:46,126,2023-03-02,18:00:00,FLA Panthers,-1.5,+135
252.0,2023-03-02,10:52:46,127,2023-03-02,18:00:00,OTT Senators,1.5,−175
253.0,2023-03-02,10:52:46,127,2023-03-02,18:00:00,NY Rangers,-1.5,+135
254.0,2023-03-02,10:52:46,128,2023-03-02,18:00:00,PIT Penguins,1.5,−185
255.0,2023-03-02,10:52:46,128,2023-03-02,18:00:00,TB Lightning,-1.5,+140
256.0,2023-03-02,10:52:46,129,2023-03-02,18:05:00,BUF Sabres,1.5,−105
257.0,2023-03-02,10:52:46,129,2023-03-02,18:05:00,BOS Bruins,-1.5,−115
258.0,2023-03-02,10:52:46,130,2023-03-02,18:08:00,SEA Kraken,-1.5,+200
259.0,2023-03-02,10:52:46,130,2023-03-02,18:08:00,DET Red Wings,1.5,−280
260.0,2023-03-02,10:52:46,131,2023-03-02,19:30:00,DAL Stars,-1.5,+100
261.0,2023-03-02,10:52:46,131,2023-03-02,19:30:00,CHI Blackhawks,1.5,−120
262.0,2023-03-02,10:52:46,132,2023-03-02,20:00:00,TOR Maple Leafs,-1.5,+195
263.0,2023-03-02,10:52:46,132,2023-03-02,20:00:00,CGY Flames,1.5,−275
264.0,2023-03-02,10:52:46,133,2023-03-02,21:00:00,MIN Wild,-1.5,+145
265.0,2023-03-02,10:52:46,133,2023-03-02,21:00:00,VAN Canucks,1.5,−195
266.0,2023-03-02,10:52:46,134,2023-03-02,21:30:00,MTL Canadiens,1.5,−130
267.0,2023-03-02,10:52:46,134,2023-03-02,21:30:00,LA Kings,-1.5,+105
268.0,2023-03-02,10:52:46,135,2023-03-02,21:30:00,STL Blues,1.5,−275
269.0,2023-03-02,10:52:46,135,2023-03-02,21:30:00,SJ Sharks,-1.5,+195
270.0,2023-03-03,10:01:18,136,2023-03-03,18:08:00,SEA Kraken,-1.5,+140
271.0,2023-03-03,10:01:18,136,2023-03-03,18:08:00,CBJ Blue Jackets,1.5,−185
272.0,2023-03-03,10:01:18,137,2023-03-03,20:08:00,WPG Jets,1.5,−195
273.0,2023-03-03,10:01:18,137,2023-03-03,20:08:00,EDM Oilers,-1.5,+145
274.0,2023-03-03,10:01:18,138,2023-03-03,20:38:00,CAR Hurricanes,-1.5,−140
275.0,2023-03-03,10:01:18,138,2023-03-03,20:38:00,ARI Coyotes,1.5,+110
276.0,2023-03-03,10:01:18,139,2023-03-03,21:00:00,MTL Canadiens,1.5,−240
277.0,2023-03-03,10:01:18,139,2023-03-03,21:00:00,ANA Ducks,-1.5,+175
278.0,2023-03-03,10:01:18,140,2023-03-03,21:08:00,NJ Devils,-1.5,+210
279.0,2023-03-03,10:01:18,140,2023-03-03,21:08:00,VGK Golden Knights,1.5,−300
280.0,2023-03-04,10:53:49,141,2023-03-04,11:38:00,TB Lightning,-1.5,+135
281.0,2023-03-04,10:53:49,141,2023-03-04,11:38:00,BUF Sabres,1.5,−175
282.0,2023-03-04,10:53:49,142,2023-03-04,11:38:00,DET Red Wings,1.5,−165
283.0,2023-03-04,10:53:49,142,2023-03-04,11:38:00,NY Islanders,-1.5,+130
284.0,2023-03-04,10:53:49,143,2023-03-04,12:08:00,NY Rangers,1.5,−175
285.0,2023-03-04,10:53:49,143,2023-03-04,12:08:00,BOS Bruins,-1.5,+135
286.0,2023-03-04,10:53:49,144,2023-03-04,14:38:00,COL Avalanche,1.5,−280
287.0,2023-03-04,10:53:49,144,2023-03-04,14:38:00,DAL Stars,-1.5,+200
288.0,2023-03-04,10:53:49,145,2023-03-04,17:08:00,PIT Penguins,1.5,−235
289.0,2023-03-04,10:53:49,145,2023-03-04,17:08:00,FLA Panthers,-1.5,+170
290.0,2023-03-04,10:53:49,146,2023-03-04,17:08:00,WAS Capitals,-1.5,+170
291.0,2023-03-04,10:53:49,146,2023-03-04,17:08:00,SJ Sharks,1.5,−235
292.0,2023-03-04,10:54:31,147,2023-03-04,18:00:00,CBJ Blue Jackets,1.5,−105
293.0,2023-03-04,10:54:31,147,2023-03-04,18:00:00,OTT Senators,-1.5,−115
294.0,2023-03-04,10:54:31,148,2023-03-04,18:08:00,TOR Maple Leafs,-1.5,+120
295.0,2023-03-04,10:54:31,148,2023-03-04,18:08:00,VAN Canucks,1.5,−150
296.0,2023-03-04,10:54:31,149,2023-03-04,18:08:00,EDM Oilers,-1.5,+170
297.0,2023-03-04,10:54:31,149,2023-03-04,18:08:00,WPG Jets,1.5,−235
298.0,2023-03-04,10:54:31,150,2023-03-04,19:08:00,NSH Predators,-1.5,+110
299.0,2023-03-04,10:54:31,150,2023-03-04,19:08:00,CHI Blackhawks,1.5,−140
300.0,2023-03-04,10:54:31,151,2023-03-04,21:08:00,MIN Wild,1.5,−225
301.0,2023-03-04,10:54:31,151,2023-03-04,21:08:00,CGY Flames,-1.5,+165
302.0,2023-03-04,10:54:31,152,2023-03-04,21:38:00,STL Blues,1.5,−155
303.0,2023-03-04,10:54:31,152,2023-03-04,21:38:00,LA Kings,-1.5,+125
304.0,2023-03-05,10:33:09,153,2023-03-05,14:00:00,TB Lightning,1.5,−175
305.0,2023-03-05,10:33:09,153,2023-03-05,14:00:00,CAR Hurricanes,-1.5,+135
306.0,2023-03-05,10:33:09,154,2023-03-05,17:00:00,MTL Canadiens,1.5,−130
307.0,2023-03-05,10:33:09,154,2023-03-05,17:00:00,VGK Golden Knights,-1.5,+105
308.0,2023-03-05,10:33:09,155,2023-03-05,17:00:00,DET Red Wings,1.5,−240
309.0,2023-03-05,10:33:09,155,2023-03-05,17:00:00,PHI Flyers,-1.5,+175
310.0,2023-03-05,10:33:34,156,2023-03-05,18:00:00,NJ Devils,-1.5,−145
311.0,2023-03-05,10:33:34,156,2023-03-05,18:00:00,ARI Coyotes,1.5,+115
312.0,2023-03-05,10:33:34,157,2023-03-05,20:00:00,SEA Kraken,1.5,−195
313.0,2023-03-05,10:33:34,157,2023-03-05,20:00:00,COL Avalanche,-1.5,+145
314.0,2023-03-06,10:05:55,158,2023-03-06,18:30:00,EDM Oilers,-1.5,+150
315.0,2023-03-06,10:05:55,158,2023-03-06,18:30:00,BUF Sabres,1.5,−205
316.0,2023-03-06,10:05:55,159,2023-03-06,18:38:00,SJ Sharks,1.5,−140
317.0,2023-03-06,10:05:55,159,2023-03-06,18:38:00,WPG Jets,-1.5,+110
318.0,2023-03-06,10:05:55,160,2023-03-06,19:38:00,CGY Flames,1.5,−240
319.0,2023-03-06,10:05:55,160,2023-03-06,19:38:00,DAL Stars,-1.5,+175
320.0,2023-03-06,10:05:55,161,2023-03-06,20:08:00,OTT Senators,-1.5,−115
321.0,2023-03-06,10:05:55,161,2023-03-06,20:08:00,CHI Blackhawks,1.5,−105
322.0,2023-03-06,10:05:55,162,2023-03-06,21:30:00,NSH Predators,-1.5,+210
323.0,2023-03-06,10:05:55,162,2023-03-06,21:30:00,VAN Canucks,1.5,−300
324.0,2023-03-06,10:05:55,163,2023-03-06,21:30:00,WAS Capitals,1.5,−185
325.0,2023-03-06,10:05:55,163,2023-03-06,21:30:00,LA Kings,-1.5,+140
326.0,2023-03-07,10:48:47,164,2023-03-07,18:00:00,CAR Hurricanes,-1.5,−140
327.0,2023-03-07,10:48:47,164,2023-03-07,18:00:00,MTL Canadiens,1.5,+110
328.0,2023-03-07,10:48:47,165,2023-03-07,18:00:00,CBJ Blue Jackets,1.5,+100
329.0,2023-03-07,10:48:47,165,2023-03-07,18:00:00,PIT Penguins,-1.5,−120
330.0,2023-03-07,10:48:47,166,2023-03-07,18:00:00,TOR Maple Leafs,1.5,−240
331.0,2023-03-07,10:48:47,166,2023-03-07,18:00:00,NJ Devils,-1.5,+175
332.0,2023-03-07,10:48:47,167,2023-03-07,18:08:00,PHI Flyers,1.5,−105
333.0,2023-03-07,10:48:47,167,2023-03-07,18:08:00,TB Lightning,-1.5,−115
334.0,2023-03-07,10:48:47,168,2023-03-07,18:08:00,VGK Golden Knights,1.5,−210
335.0,2023-03-07,10:48:47,168,2023-03-07,18:08:00,FLA Panthers,-1.5,+155
336.0,2023-03-07,10:48:47,169,2023-03-07,18:30:00,BUF Sabres,1.5,−185
337.0,2023-03-07,10:48:47,169,2023-03-07,18:30:00,NY Islanders,-1.5,+140
338.0,2023-03-07,10:48:47,170,2023-03-07,19:00:00,CGY Flames,1.5,−220
339.0,2023-03-07,10:48:47,170,2023-03-07,19:00:00,MIN Wild,-1.5,+160
340.0,2023-03-07,10:48:47,171,2023-03-07,20:00:00,SJ Sharks,1.5,+110
341.0,2023-03-07,10:48:47,171,2023-03-07,20:00:00,COL Avalanche,-1.5,−140
342.0,2023-03-07,10:48:47,172,2023-03-07,20:00:00,STL Blues,-1.5,+165
343.0,2023-03-07,10:48:47,172,2023-03-07,20:00:00,ARI Coyotes,1.5,−225
344.0,2023-03-07,10:48:47,173,2023-03-07,21:08:00,ANA Ducks,1.5,+105
345.0,2023-03-07,10:48:47,173,2023-03-07,21:08:00,SEA Kraken,-1.5,−130
346.0,2023-03-08,09:59:42,174,2023-03-08,18:38:00,CHI Blackhawks,1.5,−130
347.0,2023-03-08,09:59:42,174,2023-03-08,18:38:00,DET Red Wings,-1.5,+105
348.0,2023-03-08,09:59:42,175,2023-03-08,18:38:00,MIN Wild,1.5,−240
349.0,2023-03-08,09:59:42,175,2023-03-08,18:38:00,WPG Jets,-1.5,+175
350.0,2023-03-08,09:59:42,176,2023-03-08,21:08:00,ANA Ducks,1.5,−130
351.0,2023-03-08,09:59:42,176,2023-03-08,21:08:00,VAN Canucks,-1.5,+105
352.0,2023-03-09,11:02:45,177,2023-03-09,18:00:00,NY Rangers,-1.5,−115
353.0,2023-03-09,11:02:45,177,2023-03-09,18:00:00,MTL Canadiens,1.5,−105
354.0,2023-03-09,11:02:45,178,2023-03-09,18:00:00,VGK Golden Knights,1.5,−195
355.0,2023-03-09,11:02:45,178,2023-03-09,18:00:00,TB Lightning,-1.5,+145
356.0,2023-03-09,11:02:45,179,2023-03-09,18:00:00,NY Islanders,1.5,−235
357.0,2023-03-09,11:02:45,179,2023-03-09,18:00:00,PIT Penguins,-1.5,+170
358.0,2023-03-09,11:02:45,180,2023-03-09,18:00:00,DAL Stars,-1.5,+140
359.0,2023-03-09,11:02:45,180,2023-03-09,18:00:00,BUF Sabres,1.5,−185
360.0,2023-03-09,11:02:45,181,2023-03-09,18:08:00,PHI Flyers,1.5,+130
361.0,2023-03-09,11:02:45,181,2023-03-09,18:08:00,CAR Hurricanes,-1.5,−165
362.0,2023-03-09,11:02:45,182,2023-03-09,18:08:00,NJ Devils,-1.5,+155
363.0,2023-03-09,11:02:45,182,2023-03-09,18:08:00,WAS Capitals,1.5,−210
364.0,2023-03-09,11:02:45,183,2023-03-09,18:30:00,EDM Oilers,1.5,−185
365.0,2023-03-09,11:02:45,183,2023-03-09,18:30:00,BOS Bruins,-1.5,+140
366.0,2023-03-09,11:02:45,184,2023-03-09,19:00:00,SJ Sharks,1.5,−220
367.0,2023-03-09,11:02:45,184,2023-03-09,19:00:00,STL Blues,-1.5,+160
368.0,2023-03-09,11:02:45,185,2023-03-09,20:00:00,LA Kings,1.5,−195
369.0,2023-03-09,11:02:45,185,2023-03-09,20:00:00,COL Avalanche,-1.5,+145
370.0,2023-03-09,11:02:45,186,2023-03-09,20:08:00,NSH Predators,-1.5,+140
371.0,2023-03-09,11:02:45,186,2023-03-09,20:08:00,ARI Coyotes,1.5,−185
372.0,2023-03-09,11:02:45,187,2023-03-09,21:00:00,OTT Senators,1.5,−240
373.0,2023-03-09,11:02:45,187,2023-03-09,21:00:00,SEA Kraken,-1.5,+175
374.0,2023-03-10,10:30:08,188,2023-03-10,18:00:00,CHI Blackhawks,1.5,+150
375.0,2023-03-10,10:30:08,188,2023-03-10,18:00:00,FLA Panthers,-1.5,−205
376.0,2023-03-10,10:30:08,189,2023-03-10,20:00:00,ANA Ducks,1.5,+130
377.0,2023-03-10,10:30:08,189,2023-03-10,20:00:00,CGY Flames,-1.5,−165
378.0,2023-03-11,09:23:29,190,2023-03-11,12:00:00,DET Red Wings,1.5,+125
379.0,2023-03-11,09:23:29,190,2023-03-11,12:00:00,BOS Bruins,-1.5,−155
380.0,2023-03-11,09:23:29,191,2023-03-11,14:30:00,PHI Flyers,1.5,−105
381.0,2023-03-11,09:23:29,191,2023-03-11,14:30:00,PIT Penguins,-1.5,−115
382.0,2023-03-11,09:23:29,192,2023-03-11,16:00:00,NY Rangers,-1.5,+155
383.0,2023-03-11,09:23:29,192,2023-03-11,16:00:00,BUF Sabres,1.5,−210
384.0,2023-03-11,09:23:29,193,2023-03-11,17:00:00,ARI Coyotes,1.5,+130
385.0,2023-03-11,09:23:29,193,2023-03-11,17:00:00,COL Avalanche,-1.5,−165
386.0,2023-03-11,09:24:04,194,2023-03-11,18:00:00,CHI Blackhawks,2.5,−120
387.0,2023-03-11,09:24:04,194,2023-03-11,18:00:00,TB Lightning,-2.5,+100
388.0,2023-03-11,09:24:04,195,2023-03-11,18:00:00,VGK Golden Knights,1.5,−145
389.0,2023-03-11,09:24:04,195,2023-03-11,18:00:00,CAR Hurricanes,-1.5,+115
390.0,2023-03-11,09:24:04,196,2023-03-11,18:00:00,NJ Devils,-1.5,−115
391.0,2023-03-11,09:24:04,196,2023-03-11,18:00:00,MTL Canadiens,1.5,−105
392.0,2023-03-11,09:24:04,197,2023-03-11,18:00:00,EDM Oilers,1.5,−225
393.0,2023-03-11,09:24:04,197,2023-03-11,18:00:00,TOR Maple Leafs,-1.5,+165
394.0,2023-03-11,09:24:04,198,2023-03-11,18:00:00,WPG Jets,1.5,−235
395.0,2023-03-11,09:24:04,198,2023-03-11,18:00:00,FLA Panthers,-1.5,+170
396.0,2023-03-11,09:24:04,199,2023-03-11,18:00:00,STL Blues,-1.5,+195
397.0,2023-03-11,09:24:04,199,2023-03-11,18:00:00,CBJ Blue Jackets,1.5,−275
398.0,2023-03-11,09:24:04,200,2023-03-11,18:30:00,WAS Capitals,1.5,−250
399.0,2023-03-11,09:24:04,200,2023-03-11,18:30:00,NY Islanders,-1.5,+180
400.0,2023-03-11,09:24:04,201,2023-03-11,21:00:00,DAL Stars,-1.5,+185
401.0,2023-03-11,09:24:04,201,2023-03-11,21:00:00,SEA Kraken,1.5,−260
402.0,2023-03-11,09:24:04,202,2023-03-11,21:00:00,OTT Senators,-1.5,+180
403.0,2023-03-11,09:24:04,202,2023-03-11,21:00:00,VAN Canucks,1.5,−250
404.0,2023-03-11,09:24:04,203,2023-03-11,21:30:00,NSH Predators,1.5,−210
405.0,2023-03-11,09:24:04,203,2023-03-11,21:30:00,LA Kings,-1.5,+155
406.0,2023-03-11,09:24:04,204,2023-03-11,21:30:00,MIN Wild,-1.5,+125
407.0,2023-03-11,09:24:04,204,2023-03-11,21:30:00,SJ Sharks,1.5,−155
408.0,2023-03-12,10:19:07,205,2023-03-12,12:38:00,BOS Bruins,-1.5,+100
409.0,2023-03-12,10:19:07,205,2023-03-12,12:38:00,DET Red Wings,1.5,−120
410.0,2023-03-12,10:19:07,206,2023-03-12,15:08:00,NY Rangers,1.5,−265
411.0,2023-03-12,10:19:07,206,2023-03-12,15:08:00,PIT Penguins,-1.5,+190
412.0,2023-03-12,10:19:07,207,2023-03-12,18:08:00,WPG Jets,1.5,−165
413.0,2023-03-12,10:19:07,207,2023-03-12,18:08:00,TB Lightning,-1.5,+130
414.0,2023-03-12,10:19:07,208,2023-03-12,18:08:00,VGK Golden Knights,-1.5,+150
415.0,2023-03-12,10:19:07,208,2023-03-12,18:08:00,STL Blues,1.5,−205
416.0,2023-03-12,10:19:07,209,2023-03-12,18:08:00,CAR Hurricanes,-1.5,+200
417.0,2023-03-12,10:19:07,209,2023-03-12,18:08:00,NJ Devils,1.5,−280
418.0,2023-03-12,10:19:23,210,2023-03-12,20:08:00,OTT Senators,1.5,−155
419.0,2023-03-12,10:19:23,210,2023-03-12,20:08:00,CGY Flames,-1.5,+125
420.0,2023-03-12,10:19:23,211,2023-03-12,20:38:00,NSH Predators,-1.5,+150
421.0,2023-03-12,10:19:23,211,2023-03-12,20:38:00,ANA Ducks,1.5,−205
422.0,2023-03-12,10:19:23,212,2023-03-12,20:38:00,MIN Wild,-1.5,+130
423.0,2023-03-12,10:19:23,212,2023-03-12,20:38:00,ARI Coyotes,1.5,−165
,2023-03-13,10:04:55,213,2023-03-13,18:38:00,COL Avalanche,-1.5,−110
,2023-03-13,10:04:55,213,2023-03-13,18:38:00,MTL Canadiens,1.5,−110
,2023-03-13,10:04:55,214,2023-03-13,18:38:00,BUF Sabres,1.5,−115
,2023-03-13,10:04:55,214,2023-03-13,18:38:00,TOR Maple Leafs,-1.5,−105
,2023-03-13,10:05:16,215,2023-03-13,21:08:00,DAL Stars,-1.5,+180
,2023-03-13,10:05:16,215,2023-03-13,21:08:00,SEA Kraken,1.5,−250
,2023-03-14,12:07:23,216,2023-03-14,18:00:00,MTL Canadiens,1.5,+125
,2023-03-14,12:07:23,216,2023-03-14,18:00:00,PIT Penguins,-1.5,−155
,2023-03-14,12:07:23,217,2023-03-14,18:00:00,VGK Golden Knights,-1.5,+120
,2023-03-14,12:07:23,217,2023-03-14,18:00:00,PHI Flyers,1.5,−150
,2023-03-14,12:07:23,218,2023-03-14,18:00:00,WPG Jets,1.5,−145
,2023-03-14,12:07:23,218,2023-03-14,18:00:00,CAR Hurricanes,-1.5,+115
,2023-03-14,12:07:23,219,2023-03-14,18:00:00,TB Lightning,1.5,−225
,2023-03-14,12:07:23,219,2023-03-14,18:00:00,NJ Devils,-1.5,+165
,2023-03-14,12:07:23,220,2023-03-14,18:00:00,WAS Capitals,1.5,−185
,2023-03-14,12:07:23,220,2023-03-14,18:00:00,NY Rangers,-1.5,+140
,2023-03-14,12:07:43,221,2023-03-14,19:00:00,DET Red Wings,1.5,−195
,2023-03-14,12:07:43,221,2023-03-14,19:00:00,NSH Predators,-1.5,+145
,2023-03-14,12:07:43,222,2023-03-14,19:30:00,BOS Bruins,-1.5,−175
,2023-03-14,12:07:43,222,2023-03-14,19:30:00,CHI Blackhawks,1.5,+135
,2023-03-14,12:07:43,223,2023-03-14,20:00:00,OTT Senators,1.5,−130
,2023-03-14,12:07:43,223,2023-03-14,20:00:00,EDM Oilers,-1.5,+105
,2023-03-14,12:07:43,224,2023-03-14,21:00:00,CGY Flames,-1.5,−105
,2023-03-14,12:07:43,224,2023-03-14,21:00:00,ARI Coyotes,1.5,−115
,2023-03-14,12:07:43,225,2023-03-14,21:00:00,DAL Stars,-1.5,+160
,2023-03-14,12:07:43,225,2023-03-14,21:00:00,VAN Canucks,1.5,−220
,2023-03-14,12:07:43,226,2023-03-14,21:30:00,NY Islanders,1.5,−220
,2023-03-14,12:07:43,226,2023-03-14,21:30:00,LA Kings,-1.5,+160
,2023-03-14,12:07:43,227,2023-03-14,21:30:00,CBJ Blue Jackets,1.5,−205
,2023-03-14,12:07:43,227,2023-03-14,21:30:00,SJ Sharks,-1.5,+150
,2023-03-15,10:18:55,228,2023-03-15,18:00:00,COL Avalanche,1.5,−210
,2023-03-15,10:18:55,228,2023-03-15,18:00:00,TOR Maple Leafs,-1.5,+180
,2023-03-15,10:18:55,229,2023-03-15,18:00:00,BUF Sabres,1.5,−230
,2023-03-15,10:18:55,229,2023-03-15,18:00:00,WAS Capitals,-1.5,+195
,2023-03-15,10:19:44,230,2023-03-15,20:30:00,MIN Wild,-1.5,+175
,2023-03-15,10:19:44,230,2023-03-15,20:30:00,STL Blues,1.5,−205
,2023-03-15,10:19:44,231,2023-03-15,21:00:00,NY Islanders,-1.5,+140
,2023-03-15,10:19:44,231,2023-03-15,21:00:00,ANA Ducks,1.5,−165
,2023-03-16,10:41:36,232,2023-03-16,18:00:00,MTL Canadiens,1.5,+115
,2023-03-16,10:41:36,232,2023-03-16,18:00:00,FLA Panthers,-1.5,−135
,2023-03-16,10:41:36,233,2023-03-16,18:00:00,PIT Penguins,1.5,−200
,2023-03-16,10:41:36,233,2023-03-16,18:00:00,NY Rangers,-1.5,+170
,2023-03-16,10:41:36,234,2023-03-16,18:00:00,COL Avalanche,-1.5,+185
,2023-03-16,10:41:36,234,2023-03-16,18:00:00,OTT Senators,1.5,−215
,2023-03-16,10:41:36,235,2023-03-16,18:00:00,TB Lightning,1.5,−210
,2023-03-16,10:41:36,235,2023-03-16,18:00:00,NJ Devils,-1.5,+180
,2023-03-16,10:42:19,236,2023-03-16,19:00:00,CHI Blackhawks,1.5,−110
,2023-03-16,10:42:19,236,2023-03-16,19:00:00,NSH Predators,-1.5,−110
,2023-03-16,10:42:19,237,2023-03-16,19:00:00,BOS Bruins,-1.5,+150
,2023-03-16,10:42:19,237,2023-03-16,19:00:00,WPG Jets,1.5,−175
,2023-03-16,10:42:19,238,2023-03-16,20:00:00,DAL Stars,1.5,−210
,2023-03-16,10:42:19,238,2023-03-16,20:00:00,EDM Oilers,-1.5,+180
,2023-03-16,10:42:19,239,2023-03-16,21:00:00,CGY Flames,1.5,−255
,2023-03-16,10:42:19,239,2023-03-16,21:00:00,VGK Golden Knights,-1.5,+215
,2023-03-16,10:42:19,240,2023-03-16,21:00:00,VAN Canucks,-1.5,+180
,2023-03-16,10:42:19,240,2023-03-16,21:00:00,ARI Coyotes,1.5,−210
,2023-03-16,10:42:19,241,2023-03-16,21:30:00,CBJ Blue Jackets,1.5,+105
,2023-03-16,10:42:19,241,2023-03-16,21:30:00,LA Kings,-1.5,−125
,2023-03-16,10:42:19,242,2023-03-16,21:30:00,SEA Kraken,-1.5,+140
,2023-03-16,10:42:19,242,2023-03-16,21:30:00,SJ Sharks,1.5,−165
,2023-03-17,10:50:47,243,2023-03-17,18:08:00,STL Blues,1.5,−170
,2023-03-17,10:50:47,243,2023-03-17,18:08:00,WAS Capitals,-1.5,+145
,2023-03-17,10:50:47,244,2023-03-17,18:08:00,BUF Sabres,-1.5,+180
,2023-03-17,10:50:47,244,2023-03-17,18:08:00,PHI Flyers,1.5,−210
,2023-03-17,10:50:47,245,2023-03-17,18:08:00,CAR Hurricanes,1.5,−250
,2023-03-17,10:50:47,245,2023-03-17,18:08:00,TOR Maple Leafs,-1.5,+210
,2023-03-17,10:51:30,246,2023-03-17,21:08:00,CBJ Blue Jackets,1.5,−240
,2023-03-17,10:51:30,246,2023-03-17,21:08:00,ANA Ducks,-1.5,+200
,2023-03-18,11:30:00,247,2023-03-18,12:00:00,COL Avalanche,-1.5,+140
,2023-03-18,11:30:00,247,2023-03-18,12:00:00,DET Red Wings,1.5,−165
,2023-03-18,11:30:00,248,2023-03-18,13:00:00,BOS Bruins,-1.5,+165
,2023-03-18,11:30:00,248,2023-03-18,13:00:00,MIN Wild,1.5,−195
,2023-03-18,11:30:00,249,2023-03-18,13:00:00,WPG Jets,-1.5,+180
,2023-03-18,11:30:00,249,2023-03-18,13:00:00,NSH Predators,1.5,−210
,2023-03-18,11:30:00,250,2023-03-18,15:00:00,EDM Oilers,-1.5,+180
,2023-03-18,11:30:00,250,2023-03-18,15:00:00,SEA Kraken,1.5,−210
,2023-03-18,11:30:00,251,2023-03-18,16:00:00,CAR Hurricanes,-1.5,+110
,2023-03-18,11:30:00,251,2023-03-18,16:00:00,PHI Flyers,1.5,−130
,2023-03-18,11:30:00,252,2023-03-18,17:00:00,NJ Devils,1.5,−230
,2023-03-18,11:30:00,252,2023-03-18,17:00:00,FLA Panthers,-1.5,+195
,2023-03-18,11:30:00,253,2023-03-18,18:00:00,MTL Canadiens,1.5,+105
,2023-03-18,11:30:00,253,2023-03-18,18:00:00,TB Lightning,-1.5,−125
,2023-03-18,11:30:00,254,2023-03-18,18:00:00,TOR Maple Leafs,-1.5,+180
,2023-03-18,11:30:00,254,2023-03-18,18:00:00,OTT Senators,1.5,−210
,2023-03-18,11:30:46,255,2023-03-18,19:00:00,PIT Penguins,1.5,−205
,2023-03-18,11:30:46,255,2023-03-18,19:00:00,NY Rangers,-1.5,+175
,2023-03-18,11:30:46,256,2023-03-18,21:00:00,VAN Canucks,1.5,−150
,2023-03-18,11:30:46,256,2023-03-18,21:00:00,LA Kings,-1.5,+130
,2023-03-18,11:30:46,257,2023-03-18,21:00:00,DAL Stars,1.5,−230
,2023-03-18,11:30:46,257,2023-03-18,21:00:00,CGY Flames,-1.5,+195
,2023-03-18,11:30:46,258,2023-03-18,21:30:00,CHI Blackhawks,1.5,−200
,2023-03-18,11:30:46,258,2023-03-18,21:30:00,ARI Coyotes,-1.5,+170
,2023-03-18,11:30:46,259,2023-03-18,21:30:00,NY Islanders,-1.5,+140
,2023-03-18,11:30:46,259,2023-03-18,21:30:00,SJ Sharks,1.5,−165
,2023-03-19,10:26:07,260,2023-03-19,12:00:00,BOS Bruins,-1.5,+140
,2023-03-19,10:26:07,260,2023-03-19,12:00:00,BUF Sabres,1.5,−165
,2023-03-19,10:26:07,261,2023-03-19,13:00:00,WAS Capitals,1.5,−195
,2023-03-19,10:26:07,261,2023-03-19,13:00:00,MIN Wild,-1.5,+165
,2023-03-19,10:26:07,262,2023-03-19,15:08:00,CBJ Blue Jackets,1.5,+100
,2023-03-19,10:26:07,262,2023-03-19,15:08:00,VGK Golden Knights,-1.5,−120
,2023-03-19,10:26:07,263,2023-03-19,18:00:00,NSH Predators,1.5,−135
,2023-03-19,10:26:07,263,2023-03-19,18:00:00,NY Rangers,-1.5,+115
,2023-03-19,10:26:07,264,2023-03-19,18:00:00,NJ Devils,1.5,−210
,2023-03-19,10:26:07,264,2023-03-19,18:00:00,TB Lightning,-1.5,+180
,2023-03-19,10:26:07,265,2023-03-19,18:00:00,WPG Jets,-1.5,+190
,2023-03-19,10:26:07,265,2023-03-19,18:00:00,STL Blues,1.5,−225
,2023-03-19,10:26:30,266,2023-03-19,19:00:00,VAN Canucks,-1.5,+180
,2023-03-19,10:26:30,266,2023-03-19,19:00:00,ANA Ducks,1.5,−210
,2023-03-20,10:05:49,267,2023-03-20,18:00:00,FLA Panthers,-1.5,+130
,2023-03-20,10:05:49,267,2023-03-20,18:00:00,DET Red Wings,1.5,−165
,2023-03-20,10:05:49,268,2023-03-20,18:00:00,OTT Senators,1.5,−175
,2023-03-20,10:05:49,268,2023-03-20,18:00:00,PIT Penguins,-1.5,+135
,2023-03-20,10:06:29,269,2023-03-20,20:00:00,CHI Blackhawks,1.5,+145
,2023-03-20,10:06:29,269,2023-03-20,20:00:00,COL Avalanche,-1.5,−195
,2023-03-20,10:06:29,270,2023-03-20,20:30:00,SJ Sharks,1.5,+120
,2023-03-20,10:06:29,270,2023-03-20,20:30:00,EDM Oilers,-1.5,−150
,2023-03-20,10:06:29,271,2023-03-20,21:30:00,CGY Flames,1.5,−290
,2023-03-20,10:06:29,271,2023-03-20,21:30:00,LA Kings,-1.5,+205
,2023-03-21,11:23:14,272,2023-03-21,18:08:00,OTT Senators,1.5,+100
,2023-03-21,11:23:14,272,2023-03-21,18:08:00,BOS Bruins,-1.5,−120
,2023-03-21,11:23:14,273,2023-03-21,18:08:00,TB Lightning,-1.5,−110
,2023-03-21,11:23:14,273,2023-03-21,18:08:00,MTL Canadiens,1.5,−110
,2023-03-21,11:23:14,274,2023-03-21,18:08:00,FLA Panthers,-1.5,+135
,2023-03-21,11:23:14,274,2023-03-21,18:08:00,PHI Flyers,1.5,−175
,2023-03-21,11:23:14,275,2023-03-21,18:08:00,MIN Wild,1.5,−185
,2023-03-21,11:23:14,275,2023-03-21,18:08:00,NJ Devils,-1.5,+140
,2023-03-21,11:23:14,276,2023-03-21,18:08:00,CBJ Blue Jackets,1.5,−115
,2023-03-21,11:23:14,276,2023-03-21,18:08:00,WAS Capitals,-1.5,−105
,2023-03-21,11:23:14,277,2023-03-21,18:08:00,NSH Predators,1.5,−195
,2023-03-21,11:23:14,277,2023-03-21,18:08:00,BUF Sabres,-1.5,+145
,2023-03-21,11:23:14,278,2023-03-21,18:08:00,CAR Hurricanes,1.5,−290
,2023-03-21,11:23:14,278,2023-03-21,18:08:00,NY Rangers,-1.5,+205
,2023-03-21,11:23:14,279,2023-03-21,18:38:00,TOR Maple Leafs,-1.5,+180
,2023-03-21,11:23:14,279,2023-03-21,18:38:00,NY Islanders,1.5,−250
,2023-03-21,11:23:49,280,2023-03-21,19:08:00,ARI Coyotes,1.5,+100
,2023-03-21,11:23:49,280,2023-03-21,19:08:00,WPG Jets,-1.5,−120
,2023-03-21,11:23:49,281,2023-03-21,19:08:00,DET Red Wings,1.5,−220
,2023-03-21,11:23:49,281,2023-03-21,19:08:00,STL Blues,-1.5,+160
,2023-03-21,11:23:49,282,2023-03-21,19:38:00,SEA Kraken,1.5,−195
,2023-03-21,11:23:49,282,2023-03-21,19:38:00,DAL Stars,-1.5,+145
,2023-03-21,11:23:49,283,2023-03-21,21:08:00,CGY Flames,-1.5,+110
,2023-03-21,11:23:49,283,2023-03-21,21:08:00,ANA Ducks,1.5,−140
,2023-03-21,11:23:49,284,2023-03-21,21:08:00,VGK Golden Knights,-1.5,+165
,2023-03-21,11:23:49,284,2023-03-21,21:08:00,VAN Canucks,1.5,−225
,2023-03-22,10:02:18,285,2023-03-22,19:08:00,PIT Penguins,1.5,−195
,2023-03-22,10:02:18,285,2023-03-22,19:08:00,COL Avalanche,-1.5,+145
,2023-03-22,10:02:18,286,2023-03-22,21:38:00,ARI Coyotes,1.5,+145
,2023-03-22,10:02:18,286,2023-03-22,21:38:00,EDM Oilers,-1.5,−195
,2023-03-23,10:56:59,287,2023-03-23,17:30:00,MIN Wild,-1.5,+160
,2023-03-23,10:56:59,287,2023-03-23,17:30:00,PHI Flyers,1.5,−190
,2023-03-23,10:56:59,288,2023-03-23,18:00:00,MTL Canadiens,1.5,+145
,2023-03-23,10:56:59,288,2023-03-23,18:00:00,BOS Bruins,-1.5,−170
,2023-03-23,10:56:59,289,2023-03-23,18:00:00,NY Rangers,1.5,−205
,2023-03-23,10:56:59,289,2023-03-23,18:00:00,CAR Hurricanes,-1.5,+175
,2023-03-23,10:56:59,290,2023-03-23,18:00:00,CHI Blackhawks,1.5,−115
,2023-03-23,10:56:59,290,2023-03-23,18:00:00,WAS Capitals,-1.5,−105
,2023-03-23,10:56:59,291,2023-03-23,18:00:00,TB Lightning,-1.5,+170
,2023-03-23,10:56:59,291,2023-03-23,18:00:00,OTT Senators,1.5,−200
,2023-03-23,10:56:59,292,2023-03-23,18:00:00,TOR Maple Leafs,1.5,−205
,2023-03-23,10:56:59,292,2023-03-23,18:00:00,FLA Panthers,-1.5,+175
,2023-03-23,10:56:59,293,2023-03-23,18:00:00,STL Blues,1.5,−210
,2023-03-23,10:56:59,293,2023-03-23,18:00:00,DET Red Wings,-1.5,+180
,2023-03-23,10:57:26,294,2023-03-23,19:00:00,SEA Kraken,-1.5,+190
,2023-03-23,10:57:26,294,2023-03-23,19:00:00,NSH Predators,1.5,−225
,2023-03-23,10:57:26,295,2023-03-23,20:00:00,PIT Penguins,1.5,−190
,2023-03-23,10:57:26,295,2023-03-23,20:00:00,DAL Stars,-1.5,+160
,2023-03-23,10:57:26,296,2023-03-23,20:00:00,VGK Golden Knights,1.5,−205
,2023-03-23,10:57:26,296,2023-03-23,20:00:00,CGY Flames,-1.5,+175
,2023-03-23,10:57:26,297,2023-03-23,21:00:00,WPG Jets,-1.5,+110
,2023-03-23,10:57:26,297,2023-03-23,21:00:00,ANA Ducks,1.5,−130
,2023-03-23,10:57:26,298,2023-03-23,21:00:00,SJ Sharks,1.5,−165
,2023-03-23,10:57:26,298,2023-03-23,21:00:00,VAN Canucks,-1.5,+140
,2023-03-24,10:07:38,299,2023-03-24,18:00:00,NJ Devils,-1.5,+140
,2023-03-24,10:07:38,299,2023-03-24,18:00:00,BUF Sabres,1.5,−165
,2023-03-24,10:07:38,300,2023-03-24,18:00:00,NY Islanders,-1.5,+125
,2023-03-24,10:07:38,300,2023-03-24,18:00:00,CBJ Blue Jackets,1.5,−145
,2023-03-24,10:08:04,301,2023-03-24,20:00:00,ARI Coyotes,1.5,+140
,2023-03-24,10:08:04,301,2023-03-24,20:00:00,COL Avalanche,-1.5,−165
,2023-03-25,10:50:24,302,2023-03-25,12:08:00,TB Lightning,1.5,−165
,2023-03-25,10:50:24,302,2023-03-25,12:08:00,BOS Bruins,-1.5,+140
,2023-03-25,10:50:24,303,2023-03-25,12:08:00,DET Red Wings,1.5,−225
,2023-03-25,10:50:24,303,2023-03-25,12:08:00,PHI Flyers,-1.5,+190
,2023-03-25,10:50:24,304,2023-03-25,13:00:00,SEA Kraken,-1.5,+180
,2023-03-25,10:50:24,304,2023-03-25,13:00:00,NSH Predators,1.5,−210
,2023-03-25,10:50:24,305,2023-03-25,15:08:00,SJ Sharks,1.5,+110
,2023-03-25,10:50:24,305,2023-03-25,15:08:00,CGY Flames,-1.5,−130
,2023-03-25,10:50:24,306,2023-03-25,15:08:00,WPG Jets,1.5,−245
,2023-03-25,10:50:24,306,2023-03-25,15:08:00,LA Kings,-1.5,+205
,2023-03-25,10:50:24,307,2023-03-25,16:00:00,BUF Sabres,1.5,−170
,2023-03-25,10:50:24,307,2023-03-25,16:00:00,NY Islanders,-1.5,+145
,2023-03-25,10:50:24,308,2023-03-25,16:08:00,NY Rangers,1.5,−230
,2023-03-25,10:50:24,308,2023-03-25,16:08:00,FLA Panthers,-1.5,+195
,2023-03-25,10:50:24,309,2023-03-25,16:08:00,CHI Blackhawks,1.5,+120
,2023-03-25,10:50:24,309,2023-03-25,16:08:00,MIN Wild,-1.5,−140
,2023-03-25,10:50:24,310,2023-03-25,18:00:00,OTT Senators,1.5,−150
,2023-03-25,10:50:24,310,2023-03-25,18:00:00,NJ Devils,-1.5,+130
,2023-03-25,10:50:24,311,2023-03-25,18:00:00,CBJ Blue Jackets,1.5,−180
,2023-03-25,10:50:24,311,2023-03-25,18:00:00,MTL Canadiens,-1.5,+155
,2023-03-25,10:50:24,312,2023-03-25,18:08:00,VAN Canucks,1.5,−150
,2023-03-25,10:50:24,312,2023-03-25,18:08:00,DAL Stars,-1.5,+130
,2023-03-25,10:50:24,313,2023-03-25,18:08:00,TOR Maple Leafs,1.5,−205
,2023-03-25,10:50:24,313,2023-03-25,18:08:00,CAR Hurricanes,-1.5,+175
,2023-03-25,10:50:51,314,2023-03-25,19:08:00,WAS Capitals,1.5,−200
,2023-03-25,10:50:51,314,2023-03-25,19:08:00,PIT Penguins,-1.5,+170
,2023-03-25,10:50:51,315,2023-03-25,21:08:00,VGK Golden Knights,1.5,−150
,2023-03-25,10:50:51,315,2023-03-25,21:08:00,EDM Oilers,-1.5,+130
,2023-03-25,10:50:51,316,2023-03-25,21:38:00,STL Blues,-1.5,+160
,2023-03-25,10:50:51,316,2023-03-25,21:38:00,ANA Ducks,1.5,−190
,2023-03-26,09:46:57,317,2023-03-26,14:00:00,COL Avalanche,-1.5,−120
,2023-03-26,09:46:57,317,2023-03-26,14:00:00,ARI Coyotes,1.5,+100
,2023-03-26,09:46:57,318,2023-03-26,16:00:00,BOS Bruins,1.5,−265
,2023-03-26,09:46:57,318,2023-03-26,16:00:00,CAR Hurricanes,-1.5,+225
,2023-03-26,09:46:57,319,2023-03-26,17:00:00,TOR Maple Leafs,-1.5,+140
,2023-03-26,09:46:57,319,2023-03-26,17:00:00,NSH Predators,1.5,−165
,2023-03-26,09:46:57,320,2023-03-26,17:00:00,VAN Canucks,-1.5,+140
,2023-03-26,09:46:57,320,2023-03-26,17:00:00,CHI Blackhawks,1.5,−165
,2023-03-26,09:47:16,321,2023-03-26,21:30:00,STL Blues,1.5,−135
,2023-03-26,09:47:16,321,2023-03-26,21:30:00,LA Kings,-1.5,+115
,2023-03-27,10:08:14,322,2023-03-27,18:00:00,MTL Canadiens,1.5,−150
,2023-03-27,10:08:14,322,2023-03-27,18:00:00,BUF Sabres,-1.5,+120
,2023-03-27,10:08:14,323,2023-03-27,18:00:00,FLA Panthers,-1.5,+160
,2023-03-27,10:08:14,323,2023-03-27,18:00:00,OTT Senators,1.5,−220
,2023-03-27,10:08:14,324,2023-03-27,18:30:00,NJ Devils,-1.5,+180
,2023-03-27,10:08:14,324,2023-03-27,18:30:00,NY Islanders,1.5,−250
,2023-03-27,10:08:57,325,2023-03-27,19:00:00,SEA Kraken,1.5,−240
,2023-03-27,10:08:57,325,2023-03-27,19:00:00,MIN Wild,-1.5,+175
,2023-03-27,10:08:57,326,2023-03-27,21:00:00,COL Avalanche,-1.5,+100
,2023-03-27,10:08:57,326,2023-03-27,21:00:00,ANA Ducks,1.5,−120
,2023-03-27,10:08:57,327,2023-03-27,21:00:00,EDM Oilers,-1.5,−140
,2023-03-27,10:08:57,327,2023-03-27,21:00:00,ARI Coyotes,1.5,+110
,2023-03-28,11:26:30,328,2023-03-28,18:08:00,NSH Predators,1.5,+105
,2023-03-28,11:26:30,328,2023-03-28,18:08:00,BOS Bruins,-1.5,−130
,2023-03-28,11:26:30,329,2023-03-28,18:08:00,CBJ Blue Jackets,1.5,+130
,2023-03-28,11:26:30,329,2023-03-28,18:08:00,NY Rangers,-1.5,−165
,2023-03-28,11:26:30,330,2023-03-28,18:08:00,PIT Penguins,-1.5,+120
,2023-03-28,11:26:30,330,2023-03-28,18:08:00,DET Red Wings,1.5,−150
,2023-03-28,11:26:30,331,2023-03-28,18:08:00,TB Lightning,1.5,−235
,2023-03-28,11:26:30,331,2023-03-28,18:08:00,CAR Hurricanes,-1.5,+170
,2023-03-28,11:26:30,332,2023-03-28,18:08:00,MTL Canadiens,1.5,−185
,2023-03-28,11:26:30,332,2023-03-28,18:08:00,PHI Flyers,-1.5,+140
,2023-03-28,11:26:58,333,2023-03-28,19:08:00,VAN Canucks,1.5,−290
,2023-03-28,11:26:58,333,2023-03-28,19:08:00,STL Blues,-1.5,+205
,2023-03-28,11:26:58,334,2023-03-28,19:38:00,DAL Stars,-1.5,−110
,2023-03-28,11:26:58,334,2023-03-28,19:38:00,CHI Blackhawks,1.5,−110
,2023-03-28,11:26:58,335,2023-03-28,20:08:00,LA Kings,1.5,−240
,2023-03-28,11:26:58,335,2023-03-28,20:08:00,CGY Flames,-1.5,+175
,2023-03-28,11:26:58,336,2023-03-28,21:08:00,EDM Oilers,-1.5,+175
,2023-03-28,11:26:58,336,2023-03-28,21:08:00,VGK Golden Knights,1.5,−240
,2023-03-28,11:26:58,337,2023-03-28,21:38:00,WPG Jets,-1.5,+125
,2023-03-28,11:26:58,337,2023-03-28,21:38:00,SJ Sharks,1.5,−155
,2023-03-29,10:01:09,338,2023-03-29,18:38:00,FLA Panthers,1.5,−175
,2023-03-29,10:01:09,338,2023-03-29,18:38:00,TOR Maple Leafs,-1.5,+135
,2023-03-29,10:01:09,339,2023-03-29,18:38:00,NY Islanders,-1.5,+205
,2023-03-29,10:01:09,339,2023-03-29,18:38:00,WAS Capitals,1.5,−290
,2023-03-29,10:01:27,340,2023-03-29,21:08:00,MIN Wild,1.5,−220
,2023-03-29,10:01:27,340,2023-03-29,21:08:00,COL Avalanche,-1.5,+160
,2023-03-30,11:32:23,341,2023-03-30,18:00:00,CBJ Blue Jackets,1.5,+140
,2023-03-30,11:32:23,341,2023-03-30,18:00:00,BOS Bruins,-1.5,−185
,2023-03-30,11:32:23,342,2023-03-30,18:00:00,WAS Capitals,1.5,−155
,2023-03-30,11:32:23,342,2023-03-30,18:00:00,TB Lightning,-1.5,+125
,2023-03-30,11:32:23,343,2023-03-30,18:00:00,NSH Predators,1.5,−155
,2023-03-30,11:32:23,343,2023-03-30,18:00:00,PIT Penguins,-1.5,+125
,2023-03-30,11:32:23,344,2023-03-30,18:00:00,FLA Panthers,-1.5,+120
,2023-03-30,11:32:23,344,2023-03-30,18:00:00,MTL Canadiens,1.5,−150
,2023-03-30,11:32:23,345,2023-03-30,18:00:00,NY Rangers,1.5,−210
,2023-03-30,11:32:23,345,2023-03-30,18:00:00,NJ Devils,-1.5,+155
,2023-03-30,11:32:23,346,2023-03-30,18:00:00,PHI Flyers,1.5,−175
,2023-03-30,11:32:23,346,2023-03-30,18:00:00,OTT Senators,-1.5,+135
,2023-03-30,11:32:23,347,2023-03-30,18:30:00,CAR Hurricanes,-1.5,+115
,2023-03-30,11:32:23,347,2023-03-30,18:30:00,DET Red Wings,1.5,−145
,2023-03-30,11:32:45,348,2023-03-30,19:30:00,STL Blues,-1.5,+155
,2023-03-30,11:32:45,348,2023-03-30,19:30:00,CHI Blackhawks,1.5,−210
,2023-03-30,11:32:45,349,2023-03-30,20:00:00,LA Kings,1.5,−175
,2023-03-30,11:32:45,349,2023-03-30,20:00:00,EDM Oilers,-1.5,+135
,2023-03-30,11:32:45,350,2023-03-30,21:00:00,ANA Ducks,1.5,+115
,2023-03-30,11:32:45,350,2023-03-30,21:00:00,SEA Kraken,-1.5,−145
,2023-03-30,11:32:45,351,2023-03-30,21:30:00,VGK Golden Knights,-1.5,+130
,2023-03-30,11:32:45,351,2023-03-30,21:30:00,SJ Sharks,1.5,−165
,2023-03-31,09:53:35,352,2023-03-31,18:08:00,NY Rangers,-1.5,+165
,2023-03-31,09:53:35,352,2023-03-31,18:08:00,BUF Sabres,1.5,−195
,2023-03-31,09:53:59,353,2023-03-31,19:08:00,DET Red Wings,1.5,−125
,2023-03-31,09:53:59,353,2023-03-31,19:08:00,WPG Jets,-1.5,+105
,2023-03-31,09:53:59,354,2023-03-31,21:08:00,CGY Flames,-1.5,+195
,2023-03-31,09:53:59,354,2023-03-31,21:08:00,VAN Canucks,1.5,−230
,2023-03-31,09:53:59,355,2023-03-31,21:38:00,DAL Stars,-1.5,+115
,2023-03-31,09:53:59,355,2023-03-31,21:38:00,ARI Coyotes,1.5,−135
,2023-04-01,10:27:36,356,2023-04-01,12:00:00,STL Blues,1.5,−205
,2023-04-01,10:27:36,356,2023-04-01,12:00:00,NSH Predators,-1.5,+175
,2023-04-01,10:27:36,357,2023-04-01,14:08:00,BOS Bruins,-1.5,+200
,2023-04-01,10:27:36,357,2023-04-01,14:08:00,PIT Penguins,1.5,−240
,2023-04-01,10:27:36,358,2023-04-01,18:00:00,FLA Panthers,-1.5,+100
,2023-04-01,10:27:36,358,2023-04-01,18:00:00,CBJ Blue Jackets,1.5,−120
,2023-04-01,10:27:36,359,2023-04-01,18:00:00,BUF Sabres,-1.5,+215
,2023-04-01,10:27:36,359,2023-04-01,18:00:00,PHI Flyers,1.5,−255
,2023-04-01,10:27:36,360,2023-04-01,18:08:00,CAR Hurricanes,-1.5,−110
,2023-04-01,10:27:36,360,2023-04-01,18:08:00,MTL Canadiens,1.5,−110
,2023-04-01,10:27:36,361,2023-04-01,18:08:00,NY Islanders,1.5,−195
,2023-04-01,10:27:36,361,2023-04-01,18:08:00,TB Lightning,-1.5,+165
,2023-04-01,10:27:36,362,2023-04-01,18:08:00,TOR Maple Leafs,-1.5,+150
,2023-04-01,10:27:36,362,2023-04-01,18:08:00,OTT Senators,1.5,−175
,2023-04-01,10:27:58,363,2023-04-01,19:08:00,NJ Devils,-1.5,−130
,2023-04-01,10:27:58,363,2023-04-01,19:08:00,CHI Blackhawks,1.5,+110
,2023-04-01,10:27:58,364,2023-04-01,20:00:00,DAL Stars,1.5,−190
,2023-04-01,10:27:58,364,2023-04-01,20:00:00,COL Avalanche,-1.5,+160
,2023-04-01,10:27:58,365,2023-04-01,21:00:00,SJ Sharks,-1.5,+205
,2023-04-01,10:27:58,365,2023-04-01,21:00:00,ARI Coyotes,1.5,−245
,2023-04-01,10:27:58,366,2023-04-01,21:08:00,ANA Ducks,1.5,+170
,2023-04-01,10:27:58,366,2023-04-01,21:08:00,EDM Oilers,-1.5,−200
,2023-04-01,10:27:58,367,2023-04-01,21:08:00,LA Kings,1.5,−245
,2023-04-01,10:27:58,367,2023-04-01,21:08:00,SEA Kraken,-1.5,+205
,2023-04-01,10:27:58,368,2023-04-01,21:08:00,MIN Wild,1.5,−260
,2023-04-01,10:27:58,368,2023-04-01,21:08:00,VGK Golden Knights,-1.5,+220
,2023-04-02,09:49:24,369,2023-04-02,12:00:00,NY Rangers,-1.5,+185
,2023-04-02,09:49:24,369,2023-04-02,12:00:00,WAS Capitals,1.5,−215
,2023-04-02,09:49:24,370,2023-04-02,14:30:00,BOS Bruins,-1.5,+105
,2023-04-02,09:49:24,370,2023-04-02,14:30:00,STL Blues,1.5,−125
,2023-04-02,09:49:24,371,2023-04-02,17:00:00,PHI Flyers,1.5,−130
,2023-04-02,09:49:24,371,2023-04-02,17:00:00,PIT Penguins,-1.5,+110
,2023-04-02,09:49:24,372,2023-04-02,17:00:00,NY Islanders,1.5,−165
,2023-04-02,09:49:24,372,2023-04-02,17:00:00,CAR Hurricanes,-1.5,+140
,2023-04-02,09:49:24,373,2023-04-02,17:00:00,OTT Senators,-1.5,+140
,2023-04-02,09:49:24,373,2023-04-02,17:00:00,CBJ Blue Jackets,1.5,−165
,2023-04-02,09:49:24,374,2023-04-02,18:00:00,DET Red Wings,1.5,−110
,2023-04-02,09:49:24,374,2023-04-02,18:00:00,TOR Maple Leafs,-1.5,−110
,2023-04-02,09:49:24,375,2023-04-02,18:00:00,NJ Devils,-1.5,+240
,2023-04-02,09:49:24,375,2023-04-02,18:00:00,WPG Jets,1.5,−285
,2023-04-02,09:49:46,376,2023-04-02,19:00:00,ANA Ducks,1.5,+160
,2023-04-02,09:49:46,376,2023-04-02,19:00:00,CGY Flames,-1.5,−190
,2023-04-02,09:49:46,377,2023-04-02,19:00:00,LA Kings,-1.5,+210
,2023-04-02,09:49:46,377,2023-04-02,19:00:00,VAN Canucks,1.5,−250
,2023-04-03,10:02:32,378,2023-04-03,19:08:00,VGK Golden Knights,1.5,−235
,2023-04-03,10:02:32,378,2023-04-03,19:08:00,MIN Wild,-1.5,+170
,2023-04-03,10:02:32,379,2023-04-03,19:38:00,NSH Predators,1.5,−155
,2023-04-03,10:02:32,379,2023-04-03,19:38:00,DAL Stars,-1.5,+125
,2023-04-03,10:02:32,380,2023-04-03,21:08:00,ARI Coyotes,1.5,+105
,2023-04-03,10:02:32,380,2023-04-03,21:08:00,SEA Kraken,-1.5,−130
,2023-04-04,08:10:30,381,2023-04-04,18:08:00,PIT Penguins,1.5,−175
,2023-04-04,08:10:30,381,2023-04-04,18:08:00,NJ Devils,-1.5,+150
,2023-04-04,08:10:30,382,2023-04-04,18:08:00,CBJ Blue Jackets,1.5,+125
,2023-04-04,08:10:30,382,2023-04-04,18:08:00,TOR Maple Leafs,-1.5,−145
,2023-04-04,08:10:30,383,2023-04-04,18:08:00,OTT Senators,1.5,−115
,2023-04-04,08:10:30,383,2023-04-04,18:08:00,CAR Hurricanes,-1.5,−105
,2023-04-04,08:10:30,384,2023-04-04,18:08:00,BUF Sabres,1.5,−150
,2023-04-04,08:10:30,384,2023-04-04,18:08:00,FLA Panthers,-1.5,+130
,2023-04-04,08:10:30,385,2023-04-04,18:08:00,DET Red Wings,-1.5,+210
,2023-04-04,08:10:30,385,2023-04-04,18:08:00,MTL Canadiens,1.5,−250
,2023-04-04,08:10:48,386,2023-04-04,19:08:00,VGK Golden Knights,-1.5,+185
,2023-04-04,08:10:48,386,2023-04-04,19:08:00,NSH Predators,1.5,−215
,2023-04-04,08:10:48,387,2023-04-04,19:08:00,PHI Flyers,1.5,−210
,2023-04-04,08:10:48,387,2023-04-04,19:08:00,STL Blues,-1.5,+180
,2023-04-04,08:10:48,388,2023-04-04,20:08:00,CHI Blackhawks,1.5,+140
,2023-04-04,08:10:48,388,2023-04-04,20:08:00,CGY Flames,-1.5,−165
,2023-04-04,08:10:48,389,2023-04-04,21:08:00,SEA Kraken,-1.5,+210
,2023-04-04,08:10:48,389,2023-04-04,21:08:00,VAN Canucks,1.5,−250
,2023-04-04,08:10:48,390,2023-04-04,21:38:00,COL Avalanche,-1.5,+115
,2023-04-04,08:10:48,390,2023-04-04,21:38:00,SJ Sharks,1.5,−135
,2023-04-04,08:10:48,391,2023-04-04,21:38:00,EDM Oilers,-1.5,+200
,2023-04-04,08:10:48,391,2023-04-04,21:38:00,LA Kings,1.5,−240
,2023-04-05,09:47:30,392,2023-04-05,18:38:00,TB Lightning,1.5,−275
,2023-04-05,09:47:30,392,2023-04-05,18:38:00,NY Rangers,-1.5,+195
,2023-04-05,09:47:30,393,2023-04-05,18:38:00,CGY Flames,1.5,−235
,2023-04-05,09:47:30,393,2023-04-05,18:38:00,WPG Jets,-1.5,+170
,2023-04-05,09:47:58,394,2023-04-05,21:08:00,EDM Oilers,-1.5,−140
,2023-04-05,09:47:58,394,2023-04-05,21:08:00,ANA Ducks,1.5,+110
,2023-04-06,11:34:27,395,2023-04-06,18:00:00,CBJ Blue Jackets,1.5,+135
,2023-04-06,11:34:27,395,2023-04-06,18:00:00,NJ Devils,-1.5,−175
,2023-04-06,11:34:27,396,2023-04-06,18:00:00,MIN Wild,1.5,−250
,2023-04-06,11:34:27,396,2023-04-06,18:00:00,PIT Penguins,-1.5,+180
,2023-04-06,11:34:27,397,2023-04-06,18:00:00,WAS Capitals,-1.5,+140
,2023-04-06,11:34:27,397,2023-04-06,18:00:00,MTL Canadiens,1.5,−185
,2023-04-06,11:34:27,398,2023-04-06,18:08:00,OTT Senators,1.5,−120
,2023-04-06,11:34:27,398,2023-04-06,18:08:00,FLA Panthers,-1.5,+100
,2023-04-06,11:34:27,399,2023-04-06,18:08:00,TOR Maple Leafs,1.5,−225
,2023-04-06,11:34:27,399,2023-04-06,18:08:00,BOS Bruins,-1.5,+165
,2023-04-06,11:34:27,400,2023-04-06,18:08:00,BUF Sabres,-1.5,+205
,2023-04-06,11:34:27,400,2023-04-06,18:08:00,DET Red Wings,1.5,−290
,2023-04-06,11:34:27,401,2023-04-06,18:30:00,TB Lightning,1.5,−240
,2023-04-06,11:34:27,401,2023-04-06,18:30:00,NY Islanders,-1.5,+175
,2023-04-06,11:34:47,402,2023-04-06,19:00:00,CAR Hurricanes,-1.5,+135
,2023-04-06,11:34:47,402,2023-04-06,19:00:00,NSH Predators,1.5,−175
,2023-04-06,11:34:47,403,2023-04-06,19:00:00,NY Rangers,-1.5,+135
,2023-04-06,11:34:47,403,2023-04-06,19:00:00,STL Blues,1.5,−175
,2023-04-06,11:34:47,404,2023-04-06,19:30:00,PHI Flyers,1.5,−115
,2023-04-06,11:34:47,404,2023-04-06,19:30:00,DAL Stars,-1.5,−105
,2023-04-06,11:34:47,405,2023-04-06,21:00:00,CHI Blackhawks,1.5,−140
,2023-04-06,11:34:47,405,2023-04-06,21:00:00,VAN Canucks,-1.5,+110
,2023-04-06,11:34:47,406,2023-04-06,21:00:00,LA Kings,1.5,−275
,2023-04-06,11:34:47,406,2023-04-06,21:00:00,VGK Golden Knights,-1.5,+195
,2023-04-06,11:34:47,407,2023-04-06,21:30:00,ARI Coyotes,1.5,+110
,2023-04-06,11:34:47,407,2023-04-06,21:30:00,SEA Kraken,-1.5,−140
,2023-04-06,11:34:47,408,2023-04-06,21:30:00,COL Avalanche,-1.5,+110
,2023-04-06,11:34:47,408,2023-04-06,21:30:00,SJ Sharks,1.5,−140
,2023-04-08,10:05:01,409,2023-04-08,11:30:00,CAR Hurricanes,-1.5,+140
,2023-04-08,10:05:01,409,2023-04-08,11:30:00,BUF Sabres,1.5,−185
,2023-04-08,10:05:01,410,2023-04-08,12:00:00,PIT Penguins,-1.5,+135
,2023-04-08,10:05:01,410,2023-04-08,12:00:00,DET Red Wings,1.5,−175
,2023-04-08,10:05:01,411,2023-04-08,14:30:00,VGK Golden Knights,1.5,−235
,2023-04-08,10:05:01,411,2023-04-08,14:30:00,DAL Stars,-1.5,+170
,2023-04-08,10:05:01,412,2023-04-08,15:00:00,EDM Oilers,-1.5,−130
,2023-04-08,10:05:01,412,2023-04-08,15:00:00,SJ Sharks,1.5,+105
,2023-04-08,10:05:01,413,2023-04-08,16:30:00,ANA Ducks,1.5,−220
,2023-04-08,10:05:01,413,2023-04-08,16:30:00,ARI Coyotes,-1.5,+160
,2023-04-08,10:05:01,414,2023-04-08,18:00:00,NY Rangers,-1.5,−110
,2023-04-08,10:05:01,414,2023-04-08,18:00:00,CBJ Blue Jackets,1.5,−110
,2023-04-08,10:05:01,415,2023-04-08,18:00:00,MTL Canadiens,1.5,+115
,2023-04-08,10:05:01,415,2023-04-08,18:00:00,TOR Maple Leafs,-1.5,−145
,2023-04-08,10:05:01,416,2023-04-08,18:00:00,NSH Predators,1.5,−185
,2023-04-08,10:05:01,416,2023-04-08,18:00:00,WPG Jets,-1.5,+140
,2023-04-08,10:05:01,417,2023-04-08,18:00:00,FLA Panthers,-1.5,+140
,2023-04-08,10:05:01,417,2023-04-08,18:00:00,WAS Capitals,1.5,−185
,2023-04-08,10:05:01,418,2023-04-08,18:00:00,TB Lightning,-1.5,+150
,2023-04-08,10:05:01,418,2023-04-08,18:00:00,OTT Senators,1.5,−205
,2023-04-08,10:05:01,419,2023-04-08,18:30:00,PHI Flyers,1.5,−110
,2023-04-08,10:05:01,419,2023-04-08,18:30:00,NY Islanders,-1.5,−110
,2023-04-08,10:05:57,420,2023-04-08,19:00:00,STL Blues,1.5,−120
,2023-04-08,10:05:57,420,2023-04-08,19:00:00,MIN Wild,-1.5,+100
,2023-04-08,10:05:57,421,2023-04-08,19:00:00,NJ Devils,1.5,−240
,2023-04-08,10:05:57,421,2023-04-08,19:00:00,BOS Bruins,-1.5,+175
,2023-04-08,10:05:57,422,2023-04-08,21:00:00,CHI Blackhawks,1.5,+125
,2023-04-08,10:05:57,422,2023-04-08,21:00:00,SEA Kraken,-1.5,−155
,2023-04-08,10:05:57,423,2023-04-08,21:00:00,CGY Flames,-1.5,+145
,2023-04-08,10:05:57,423,2023-04-08,21:00:00,VAN Canucks,1.5,−195
,2023-04-08,10:05:57,424,2023-04-08,21:30:00,COL Avalanche,-1.5,+185
,2023-04-08,10:05:57,424,2023-04-08,21:30:00,LA Kings,1.5,−260
,2023-04-09,10:31:07,425,2023-04-09,17:00:00,BOS Bruins,-1.5,+100
,2023-04-09,10:31:07,425,2023-04-09,17:00:00,PHI Flyers,1.5,−120
,2023-04-09,10:31:36,426,2023-04-09,19:30:00,COL Avalanche,-1.5,−130
,2023-04-09,10:31:36,426,2023-04-09,19:30:00,ANA Ducks,1.5,+105
,2023-04-10,13:51:38,427,2023-04-10,18:00:00,SJ Sharks,1.5,+100
,2023-04-10,13:51:38,427,2023-04-10,18:00:00,WPG Jets,-1.5,−120
,2023-04-10,13:51:38,428,2023-04-10,18:00:00,BUF Sabres,1.5,−140
,2023-04-10,13:51:38,428,2023-04-10,18:00:00,NY Rangers,-1.5,+110
,2023-04-10,13:51:38,429,2023-04-10,18:00:00,CAR Hurricanes,-1.5,+125
,2023-04-10,13:51:38,429,2023-04-10,18:00:00,OTT Senators,1.5,−155
,2023-04-10,13:51:38,430,2023-04-10,18:00:00,DAL Stars,-1.5,+135
,2023-04-10,13:51:38,430,2023-04-10,18:00:00,DET Red Wings,1.5,−175
,2023-04-10,13:51:38,431,2023-04-10,18:00:00,TOR Maple Leafs,1.5,−205
,2023-04-10,13:51:38,431,2023-04-10,18:00:00,FLA Panthers,-1.5,+150
,2023-04-10,13:51:38,432,2023-04-10,18:00:00,NY Islanders,-1.5,+135
,2023-04-10,13:51:38,432,2023-04-10,18:00:00,WAS Capitals,1.5,−175
,2023-04-10,13:51:57,433,2023-04-10,20:00:00,MIN Wild,-1.5,+105
,2023-04-10,13:51:57,433,2023-04-10,20:00:00,CHI Blackhawks,1.5,−130
,2023-04-10,13:51:57,434,2023-04-10,20:30:00,NSH Predators,1.5,−155
,2023-04-10,13:51:57,434,2023-04-10,20:30:00,CGY Flames,-1.5,+125
,2023-04-10,13:51:57,435,2023-04-10,21:00:00,SEA Kraken,-1.5,+105
,2023-04-10,13:51:57,435,2023-04-10,21:00:00,ARI Coyotes,1.5,−130
,2023-04-10,13:51:57,436,2023-04-10,21:30:00,VAN Canucks,1.5,−155
,2023-04-10,13:51:57,436,2023-04-10,21:30:00,LA Kings,-1.5,+125
,2023-04-11,11:33:42,437,2023-04-11,18:00:00,WAS Capitals,1.5,+105
,2023-04-11,11:33:42,437,2023-04-11,18:00:00,BOS Bruins,-1.5,−130
,2023-04-11,11:33:42,438,2023-04-11,18:00:00,DET Red Wings,1.5,−115
,2023-04-11,11:33:42,438,2023-04-11,18:00:00,CAR Hurricanes,-1.5,−105
,2023-04-11,11:33:42,439,2023-04-11,18:00:00,BUF Sabres,1.5,−115
,2023-04-11,11:33:42,439,2023-04-11,18:00:00,NJ Devils,-1.5,−105
,2023-04-11,11:33:42,440,2023-04-11,18:00:00,TOR Maple Leafs,1.5,−175
,2023-04-11,11:33:42,440,2023-04-11,18:00:00,TB Lightning,-1.5,+135
,2023-04-11,11:33:42,441,2023-04-11,18:00:00,CBJ Blue Jackets,1.5,−165
,2023-04-11,11:33:42,441,2023-04-11,18:00:00,PHI Flyers,-1.5,+130
,2023-04-11,11:33:42,442,2023-04-11,18:30:00,CHI Blackhawks,1.5,+150
,2023-04-11,11:33:42,442,2023-04-11,18:30:00,PIT Penguins,-1.5,−205
,2023-04-11,11:33:59,443,2023-04-11,19:00:00,WPG Jets,1.5,−280
,2023-04-11,11:33:59,443,2023-04-11,19:00:00,MIN Wild,-1.5,+200
,2023-04-11,11:33:59,444,2023-04-11,20:30:00,EDM Oilers,-1.5,+190
,2023-04-11,11:33:59,444,2023-04-11,20:30:00,COL Avalanche,1.5,−265
,2023-04-11,11:33:59,445,2023-04-11,21:00:00,SEA Kraken,1.5,−220
,2023-04-11,11:33:59,445,2023-04-11,21:00:00,VGK Golden Knights,-1.5,+160
,2023-04-11,11:33:59,446,2023-04-11,21:00:00,VAN Canucks,-1.5,+150
,2023-04-11,11:33:59,446,2023-04-11,21:00:00,ANA Ducks,1.5,−205
,2023-04-12,09:58:46,447,2023-04-12,18:00:00,MTL Canadiens,1.5,+110
,2023-04-12,09:58:46,447,2023-04-12,18:00:00,NY Islanders,-1.5,−140
,2023-04-12,09:58:46,448,2023-04-12,18:30:00,DAL Stars,-1.5,+145
,2023-04-12,09:58:46,448,2023-04-12,18:30:00,STL Blues,1.5,−195
,2023-04-12,09:59:04,449,2023-04-12,21:00:00,SJ Sharks,1.5,−110
,2023-04-12,09:59:04,449,2023-04-12,21:00:00,CGY Flames,-1.5,−110
,2023-04-13,11:41:13,450,2023-04-13,18:00:00,BOS Bruins,-1.5,−120
,2023-04-13,11:41:13,450,2023-04-13,18:00:00,MTL Canadiens,1.5,+100
,2023-04-13,11:41:13,451,2023-04-13,18:00:00,DET Red Wings,1.5,−130
,2023-04-13,11:41:13,451,2023-04-13,18:00:00,TB Lightning,-1.5,+105
,2023-04-13,11:41:13,452,2023-04-13,18:00:00,NJ Devils,-1.5,+130
,2023-04-13,11:41:13,452,2023-04-13,18:00:00,WAS Capitals,1.5,−165
,2023-04-13,11:41:13,453,2023-04-13,18:00:00,PIT Penguins,-1.5,+105
,2023-04-13,11:41:13,453,2023-04-13,18:00:00,CBJ Blue Jackets,1.5,−130
,2023-04-13,11:41:13,454,2023-04-13,18:00:00,TOR Maple Leafs,1.5,−225
,2023-04-13,11:41:13,454,2023-04-13,18:00:00,NY Rangers,-1.5,+165
,2023-04-13,11:41:13,455,2023-04-13,18:00:00,CAR Hurricanes,1.5,−290
,2023-04-13,11:41:13,455,2023-04-13,18:00:00,FLA Panthers,-1.5,+205
,2023-04-13,11:41:13,456,2023-04-13,18:08:00,OTT Senators,1.5,−220
,2023-04-13,11:41:13,456,2023-04-13,18:08:00,BUF Sabres,-1.5,+160
,2023-04-13,11:41:31,457,2023-04-13,19:00:00,STL Blues,+1.5,−115
,2023-04-13,11:41:31,457,2023-04-13,19:00:00,DAL Stars,-1.5,−105
,2023-04-13,11:41:31,458,2023-04-13,19:00:00,WPG Jets,+1.5,−120
,2023-04-13,11:41:31,458,2023-04-13,19:00:00,COL Avalanche,-1.5,+100
,2023-04-13,11:41:31,459,2023-04-13,19:00:00,MIN Wild,+1.5,−275
,2023-04-13,11:41:31,459,2023-04-13,19:00:00,NSH Predators,-1.5,+195
,2023-04-13,11:41:31,460,2023-04-13,19:38:00,PHI Flyers,-1.5,+200
,2023-04-13,11:41:31,460,2023-04-13,19:38:00,CHI Blackhawks,+1.5,−280
,2023-04-13,11:41:31,461,2023-04-13,20:00:00,SJ Sharks,+1.5,+145
,2023-04-13,11:41:31,461,2023-04-13,20:00:00,EDM Oilers,-1.5,−195
,2023-04-13,11:41:31,462,2023-04-13,21:08:00,LA Kings,-1.5,+105
,2023-04-13,11:41:31,462,2023-04-13,21:08:00,ANA Ducks,+1.5,−130
,2023-04-13,11:41:31,463,2023-04-13,21:08:00,VAN Canucks,-1.5,+150
,2023-04-13,11:41:31,463,2023-04-13,21:08:00,ARI Coyotes,+1.5,−205
,2023-04-13,11:41:31,464,2023-04-13,21:30:00,VGK Golden Knights,-1.5,+185
,2023-04-13,11:41:31,464,2023-04-13,21:30:00,SEA Kraken,+1.5,−260
