home,away,date_recorded,time_recorded,date_game,bet_type,odds
TBL,NSH,2023-10-10,09:48:36,2023-10-10,NSH,220
TBL,NSH,2023-10-10,09:48:36,2023-10-10,draw,340
TBL,NSH,2023-10-10,09:48:36,2023-10-10,TBL,-110
PIT,CHI,2023-10-10,09:48:36,2023-10-10,CHI,290
PIT,CHI,2023-10-10,09:48:36,2023-10-10,draw,370
PIT,CHI,2023-10-10,09:48:36,2023-10-10,PIT,-145
VGK,SEA,2023-10-10,09:48:36,2023-10-10,SEA,210
VGK,SEA,2023-10-10,09:48:36,2023-10-10,draw,330
VGK,SEA,2023-10-10,09:48:36,2023-10-10,VGK,-105
TOR,MTL,2023-10-11,11:22:57,2023-10-11,MTL,360
TOR,MTL,2023-10-11,11:22:57,2023-10-11,draw,400
TOR,MTL,2023-10-11,11:22:57,2023-10-11,TOR,-185
CAR,OTT,2023-10-11,11:22:57,2023-10-11,OTT,265
CAR,OTT,2023-10-11,11:22:57,2023-10-11,draw,350
CAR,OTT,2023-10-11,11:22:57,2023-10-11,CAR,-130
BOS,CHI,2023-10-11,11:22:57,2023-10-11,CHI,425
BOS,CHI,2023-10-11,11:22:57,2023-10-11,draw,400
BOS,CHI,2023-10-11,11:22:57,2023-10-11,BOS,-210
VAN,EDM,2023-10-11,11:22:57,2023-10-11,EDM,-105
VAN,EDM,2023-10-11,11:22:57,2023-10-11,draw,350
VAN,EDM,2023-10-11,11:22:57,2023-10-11,VAN,200
LAK,COL,2023-10-11,11:22:57,2023-10-11,COL,130
LAK,COL,2023-10-11,11:22:57,2023-10-11,draw,330
LAK,COL,2023-10-11,11:22:57,2023-10-11,LAK,155
CGY,WPG,2023-10-11,11:22:57,2023-10-11,WPG,170
CGY,WPG,2023-10-11,11:22:57,2023-10-11,draw,330
CGY,WPG,2023-10-11,11:22:57,2023-10-11,CGY,115
NJD,DET,2023-10-12,11:01:46,2023-10-12,DET,320
NJD,DET,2023-10-12,11:01:46,2023-10-12,draw,380
NJD,DET,2023-10-12,11:01:46,2023-10-12,NJD,-160
CBJ,PHI,2023-10-12,11:01:46,2023-10-12,PHI,155
CBJ,PHI,2023-10-12,11:01:46,2023-10-12,draw,330
CBJ,PHI,2023-10-12,11:01:46,2023-10-12,CBJ,125
BUF,NYR,2023-10-12,11:01:46,2023-10-12,NYR,120
BUF,NYR,2023-10-12,11:01:46,2023-10-12,draw,340
BUF,NYR,2023-10-12,11:01:46,2023-10-12,BUF,160
DAL,STL,2023-10-12,11:01:46,2023-10-12,STL,275
DAL,STL,2023-10-12,11:01:46,2023-10-12,draw,360
DAL,STL,2023-10-12,11:01:46,2023-10-12,DAL,-140
NSH,SEA,2023-10-12,11:01:46,2023-10-12,SEA,150
NSH,SEA,2023-10-12,11:01:46,2023-10-12,draw,320
NSH,SEA,2023-10-12,11:01:46,2023-10-12,NSH,135
MIN,FLA,2023-10-12,11:01:46,2023-10-12,FLA,165
MIN,FLA,2023-10-12,11:01:46,2023-10-12,draw,330
MIN,FLA,2023-10-12,11:01:46,2023-10-12,MIN,120
SJS,VGK,2023-10-12,11:01:46,2023-10-12,VGK,-155
SJS,VGK,2023-10-12,11:01:46,2023-10-12,draw,370
SJS,VGK,2023-10-12,11:01:46,2023-10-12,SJS,310
NJD,ARI,2023-10-13,13:14:36,2023-10-13,ARI,300
NJD,ARI,2023-10-13,13:14:36,2023-10-13,draw,380
NJD,ARI,2023-10-13,13:14:36,2023-10-13,NJD,-155
WSH,PIT,2023-10-13,13:14:36,2023-10-13,PIT,125
WSH,PIT,2023-10-13,13:14:36,2023-10-13,draw,330
WSH,PIT,2023-10-13,13:14:36,2023-10-13,WSH,155
WPG,FLA,2023-10-14,14:40:40,2023-10-14,FLA,175
WPG,FLA,2023-10-14,14:40:40,2023-10-14,draw,340
WPG,FLA,2023-10-14,14:40:40,2023-10-14,WPG,110
BOS,NSH,2023-10-14,14:40:40,2023-10-14,NSH,245
BOS,NSH,2023-10-14,14:40:40,2023-10-14,draw,330
BOS,NSH,2023-10-14,14:40:40,2023-10-14,BOS,-120
MTL,CHI,2023-10-14,14:40:40,2023-10-14,CHI,205
MTL,CHI,2023-10-14,14:40:40,2023-10-14,draw,340
MTL,CHI,2023-10-14,14:40:40,2023-10-14,MTL,100
TOR,MIN,2023-10-14,14:40:40,2023-10-14,MIN,210
TOR,MIN,2023-10-14,14:40:40,2023-10-14,draw,340
TOR,MIN,2023-10-14,14:40:40,2023-10-14,TOR,-105
DET,TBL,2023-10-14,14:40:40,2023-10-14,TBL,120
DET,TBL,2023-10-14,14:40:40,2023-10-14,draw,340
DET,TBL,2023-10-14,14:40:40,2023-10-14,DET,165
CBJ,NYR,2023-10-14,14:40:40,2023-10-14,NYR,-150
CBJ,NYR,2023-10-14,14:40:40,2023-10-14,draw,370
CBJ,NYR,2023-10-14,14:40:40,2023-10-14,CBJ,295
PIT,CGY,2023-10-14,14:40:40,2023-10-14,CGY,150
PIT,CGY,2023-10-14,14:40:40,2023-10-14,draw,330
PIT,CGY,2023-10-14,14:40:40,2023-10-14,PIT,130
NYI,BUF,2023-10-14,14:40:40,2023-10-14,BUF,185
NYI,BUF,2023-10-14,14:40:40,2023-10-14,draw,330
NYI,BUF,2023-10-14,14:40:40,2023-10-14,NYI,110
STL,SEA,2023-10-14,14:40:40,2023-10-14,SEA,130
STL,SEA,2023-10-14,14:40:40,2023-10-14,draw,330
STL,SEA,2023-10-14,14:40:40,2023-10-14,STL,155
SJS,COL,2023-10-14,14:40:40,2023-10-14,COL,-190
SJS,COL,2023-10-14,14:40:40,2023-10-14,draw,400
SJS,COL,2023-10-14,14:40:40,2023-10-14,SJS,380
VGK,ANA,2023-10-14,14:40:40,2023-10-14,ANA,425
VGK,ANA,2023-10-14,14:40:40,2023-10-14,draw,400
VGK,ANA,2023-10-14,14:40:40,2023-10-14,VGK,-210
EDM,VAN,2023-10-14,14:40:40,2023-10-14,VAN,275
EDM,VAN,2023-10-14,14:40:40,2023-10-14,draw,380
EDM,VAN,2023-10-14,14:40:40,2023-10-14,EDM,-145
LAK,CAR,2023-10-14,14:40:40,2023-10-14,CAR,120
LAK,CAR,2023-10-14,14:40:40,2023-10-14,draw,320
LAK,CAR,2023-10-14,14:40:40,2023-10-14,LAK,170
OTT,TBL,2023-10-15,11:00:30,2023-10-15,TBL,150
OTT,TBL,2023-10-15,11:00:30,2023-10-15,draw,340
OTT,TBL,2023-10-15,11:00:30,2023-10-15,OTT,130
ANA,CAR,2023-10-15,11:00:30,2023-10-15,CAR,-190
ANA,CAR,2023-10-15,11:00:30,2023-10-15,draw,400
ANA,CAR,2023-10-15,11:00:30,2023-10-15,ANA,390
TOR,CHI,2023-10-16,11:11:08,2023-10-16,CHI,425
TOR,CHI,2023-10-16,11:11:08,2023-10-16,draw,450
TOR,CHI,2023-10-16,11:11:08,2023-10-16,TOR,-220
NYR,ARI,2023-10-16,11:11:08,2023-10-16,ARI,280
NYR,ARI,2023-10-16,11:11:08,2023-10-16,draw,380
NYR,ARI,2023-10-16,11:11:08,2023-10-16,NYR,-145
NJD,FLA,2023-10-16,11:11:08,2023-10-16,FLA,225
NJD,FLA,2023-10-16,11:11:08,2023-10-16,draw,360
NJD,FLA,2023-10-16,11:11:08,2023-10-16,NJD,-115
CBJ,DET,2023-10-16,11:11:08,2023-10-16,DET,115
CBJ,DET,2023-10-16,11:11:08,2023-10-16,draw,350
CBJ,DET,2023-10-16,11:11:08,2023-10-16,CBJ,170
WSH,CGY,2023-10-16,11:11:08,2023-10-16,CGY,130
WSH,CGY,2023-10-16,11:11:08,2023-10-16,draw,320
WSH,CGY,2023-10-16,11:11:08,2023-10-16,WSH,155
PHI,VAN,2023-10-17,11:22:05,2023-10-17,VAN,110
PHI,VAN,2023-10-17,11:22:05,2023-10-17,draw,330
PHI,VAN,2023-10-17,11:22:05,2023-10-17,PHI,180
MTL,MIN,2023-10-17,11:22:05,2023-10-17,MIN,105
MTL,MIN,2023-10-17,11:22:05,2023-10-17,draw,330
MTL,MIN,2023-10-17,11:22:05,2023-10-17,MTL,190
BUF,TBL,2023-10-17,11:22:05,2023-10-17,TBL,150
BUF,TBL,2023-10-17,11:22:05,2023-10-17,draw,350
BUF,TBL,2023-10-17,11:22:05,2023-10-17,BUF,130
NYI,ARI,2023-10-17,11:22:05,2023-10-17,ARI,265
NYI,ARI,2023-10-17,11:22:05,2023-10-17,draw,340
NYI,ARI,2023-10-17,11:22:05,2023-10-17,NYI,-130
NSH,EDM,2023-10-17,11:22:05,2023-10-17,EDM,105
NSH,EDM,2023-10-17,11:22:05,2023-10-17,draw,340
NSH,EDM,2023-10-17,11:22:05,2023-10-17,NSH,185
WPG,LAK,2023-10-17,11:22:05,2023-10-17,LAK,165
WPG,LAK,2023-10-17,11:22:05,2023-10-17,draw,330
WPG,LAK,2023-10-17,11:22:05,2023-10-17,WPG,120
SEA,COL,2023-10-17,11:22:05,2023-10-17,COL,105
SEA,COL,2023-10-17,11:22:05,2023-10-17,draw,330
SEA,COL,2023-10-17,11:22:05,2023-10-17,SEA,195
SJS,CAR,2023-10-17,11:22:05,2023-10-17,CAR,-200
SJS,CAR,2023-10-17,11:22:05,2023-10-17,draw,400
SJS,CAR,2023-10-17,11:22:05,2023-10-17,SJS,400
VGK,DAL,2023-10-17,11:22:05,2023-10-17,DAL,150
VGK,DAL,2023-10-17,11:22:05,2023-10-17,draw,320
VGK,DAL,2023-10-17,11:22:05,2023-10-17,VGK,135
OTT,WSH,2023-10-18,17:07:17,2023-10-18,WSH,215
OTT,WSH,2023-10-18,17:07:17,2023-10-18,draw,350
OTT,WSH,2023-10-18,17:07:17,2023-10-18,OTT,-110
DET,PIT,2023-10-18,17:07:17,2023-10-18,PIT,120
DET,PIT,2023-10-18,17:07:17,2023-10-18,draw,340
DET,PIT,2023-10-18,17:07:17,2023-10-18,DET,165
NYR,NSH,2023-10-19,10:04:29,2023-10-19,NSH,245
NYR,NSH,2023-10-19,10:04:29,2023-10-19,draw,340
NYR,NSH,2023-10-19,10:04:29,2023-10-19,NYR,-120
FLA,TOR,2023-10-19,10:04:29,2023-10-19,TOR,115
FLA,TOR,2023-10-19,10:04:29,2023-10-19,draw,350
FLA,TOR,2023-10-19,10:04:29,2023-10-19,FLA,170
TBL,VAN,2023-10-19,10:04:29,2023-10-19,VAN,180
TBL,VAN,2023-10-19,10:04:29,2023-10-19,draw,350
TBL,VAN,2023-10-19,10:04:29,2023-10-19,TBL,105
BUF,CGY,2023-10-19,10:04:29,2023-10-19,CGY,140
BUF,CGY,2023-10-19,10:04:29,2023-10-19,draw,340
BUF,CGY,2023-10-19,10:04:29,2023-10-19,BUF,140
PHI,EDM,2023-10-19,10:04:29,2023-10-19,EDM,-130
PHI,EDM,2023-10-19,10:04:29,2023-10-19,draw,370
PHI,EDM,2023-10-19,10:04:29,2023-10-19,PHI,255
WPG,VGK,2023-10-19,10:04:29,2023-10-19,VGK,135
WPG,VGK,2023-10-19,10:04:29,2023-10-19,draw,320
WPG,VGK,2023-10-19,10:04:29,2023-10-19,WPG,150
STL,ARI,2023-10-19,10:04:29,2023-10-19,ARI,155
STL,ARI,2023-10-19,10:04:29,2023-10-19,draw,320
STL,ARI,2023-10-19,10:04:29,2023-10-19,STL,130
MIN,LAK,2023-10-19,10:04:29,2023-10-19,LAK,150
MIN,LAK,2023-10-19,10:04:29,2023-10-19,draw,320
MIN,LAK,2023-10-19,10:04:29,2023-10-19,MIN,135
ANA,DAL,2023-10-19,10:04:29,2023-10-19,DAL,-160
ANA,DAL,2023-10-19,10:04:29,2023-10-19,draw,370
ANA,DAL,2023-10-19,10:04:29,2023-10-19,ANA,330
SEA,CAR,2023-10-19,10:04:29,2023-10-19,CAR,100
SEA,CAR,2023-10-19,10:04:29,2023-10-19,draw,330
SEA,CAR,2023-10-19,10:04:29,2023-10-19,SEA,200
COL,CHI,2023-10-19,10:04:29,2023-10-19,CHI,450
COL,CHI,2023-10-19,10:04:29,2023-10-19,draw,425
COL,CHI,2023-10-19,10:04:29,2023-10-19,COL,-230
SJS,BOS,2023-10-19,10:04:29,2023-10-19,BOS,-170
SJS,BOS,2023-10-19,10:04:29,2023-10-19,draw,380
SJS,BOS,2023-10-19,10:04:29,2023-10-19,SJS,350
CBJ,CGY,2023-10-20,09:51:39,2023-10-20,CGY,110
CBJ,CGY,2023-10-20,09:51:39,2023-10-20,draw,340
CBJ,CGY,2023-10-20,09:51:39,2023-10-20,CBJ,175
NYI,NJD,2023-10-20,09:51:39,2023-10-20,NJD,125
NYI,NJD,2023-10-20,09:51:39,2023-10-20,draw,320
NYI,NJD,2023-10-20,09:51:39,2023-10-20,NYI,165
OTT,DET,2023-10-21,10:06:58,2023-10-21,DET,195
OTT,DET,2023-10-21,10:06:58,2023-10-21,draw,350
OTT,DET,2023-10-21,10:06:58,2023-10-21,OTT,105
ARI,ANA,2023-10-21,10:06:58,2023-10-21,ANA,225
ARI,ANA,2023-10-21,10:06:58,2023-10-21,draw,350
ARI,ANA,2023-10-21,10:06:58,2023-10-21,ARI,-115
FLA,VAN,2023-10-21,10:06:58,2023-10-21,VAN,175
FLA,VAN,2023-10-21,10:06:58,2023-10-21,draw,340
FLA,VAN,2023-10-21,10:06:58,2023-10-21,FLA,115
TBL,TOR,2023-10-21,10:06:58,2023-10-21,TOR,115
TBL,TOR,2023-10-21,10:06:58,2023-10-21,draw,350
TBL,TOR,2023-10-21,10:06:58,2023-10-21,TBL,170
BUF,NYI,2023-10-21,10:06:58,2023-10-21,NYI,165
BUF,NYI,2023-10-21,10:06:58,2023-10-21,draw,330
BUF,NYI,2023-10-21,10:06:58,2023-10-21,BUF,120
MTL,WSH,2023-10-21,10:06:58,2023-10-21,WSH,130
MTL,WSH,2023-10-21,10:06:58,2023-10-21,draw,330
MTL,WSH,2023-10-21,10:06:58,2023-10-21,MTL,155
CHI,VGK,2023-10-21,10:06:58,2023-10-21,VGK,-150
CHI,VGK,2023-10-21,10:06:58,2023-10-21,draw,360
CHI,VGK,2023-10-21,10:06:58,2023-10-21,CHI,300
NSH,SJS,2023-10-21,10:06:58,2023-10-21,SJS,310
NSH,SJS,2023-10-21,10:06:58,2023-10-21,draw,360
NSH,SJS,2023-10-21,10:06:58,2023-10-21,NSH,-155
DAL,PHI,2023-10-21,10:06:58,2023-10-21,PHI,350
DAL,PHI,2023-10-21,10:06:58,2023-10-21,draw,370
DAL,PHI,2023-10-21,10:06:58,2023-10-21,DAL,-170
MIN,CBJ,2023-10-21,10:06:58,2023-10-21,CBJ,275
MIN,CBJ,2023-10-21,10:06:58,2023-10-21,draw,360
MIN,CBJ,2023-10-21,10:06:58,2023-10-21,MIN,-140
STL,PIT,2023-10-21,10:06:58,2023-10-21,PIT,105
STL,PIT,2023-10-21,10:06:58,2023-10-21,draw,340
STL,PIT,2023-10-21,10:06:58,2023-10-21,STL,190
COL,CAR,2023-10-21,10:06:58,2023-10-21,CAR,185
COL,CAR,2023-10-21,10:06:58,2023-10-21,draw,330
COL,CAR,2023-10-21,10:06:58,2023-10-21,COL,110
EDM,WPG,2023-10-21,10:06:58,2023-10-21,WPG,215
EDM,WPG,2023-10-21,10:06:58,2023-10-21,draw,360
EDM,WPG,2023-10-21,10:06:58,2023-10-21,EDM,-110
SEA,NYR,2023-10-21,10:06:58,2023-10-21,NYR,120
SEA,NYR,2023-10-21,10:06:58,2023-10-21,draw,330
SEA,NYR,2023-10-21,10:06:58,2023-10-21,SEA,170
LAK,BOS,2023-10-21,10:06:58,2023-10-21,BOS,140
LAK,BOS,2023-10-21,10:06:58,2023-10-21,draw,320
LAK,BOS,2023-10-21,10:06:58,2023-10-21,LAK,145
DET,CGY,2023-10-22,10:49:27,2023-10-22,CGY,105
DET,CGY,2023-10-22,10:49:27,2023-10-22,draw,340
DET,CGY,2023-10-22,10:49:27,2023-10-22,DET,185
ANA,BOS,2023-10-22,10:49:27,2023-10-22,BOS,-160
ANA,BOS,2023-10-22,10:49:27,2023-10-22,draw,370
ANA,BOS,2023-10-22,10:49:27,2023-10-22,ANA,320
BUF,MTL,2023-10-23,10:43:13,2023-10-23,MTL,240
BUF,MTL,2023-10-23,10:43:13,2023-10-23,draw,360
BUF,MTL,2023-10-23,10:43:13,2023-10-23,BUF,-125
WSH,TOR,2023-10-24,10:02:41,2023-10-24,TOR,-110
WSH,TOR,2023-10-24,10:02:41,2023-10-24,draw,350
WSH,TOR,2023-10-24,10:02:41,2023-10-24,WSH,215
CBJ,ANA,2023-10-24,10:02:41,2023-10-24,ANA,200
CBJ,ANA,2023-10-24,10:02:41,2023-10-24,draw,340
CBJ,ANA,2023-10-24,10:02:41,2023-10-24,CBJ,100
OTT,BUF,2023-10-24,10:02:41,2023-10-24,BUF,205
OTT,BUF,2023-10-24,10:02:41,2023-10-24,draw,360
OTT,BUF,2023-10-24,10:02:41,2023-10-24,OTT,-110
TBL,CAR,2023-10-24,10:02:41,2023-10-24,CAR,130
TBL,CAR,2023-10-24,10:02:41,2023-10-24,draw,330
TBL,CAR,2023-10-24,10:02:41,2023-10-24,TBL,155
MTL,NJD,2023-10-24,10:02:41,2023-10-24,NJD,-140
MTL,NJD,2023-10-24,10:02:41,2023-10-24,draw,370
MTL,NJD,2023-10-24,10:02:41,2023-10-24,MTL,280
PIT,DAL,2023-10-24,10:02:41,2023-10-24,DAL,130
PIT,DAL,2023-10-24,10:02:41,2023-10-24,draw,330
PIT,DAL,2023-10-24,10:02:41,2023-10-24,PIT,155
FLA,SJS,2023-10-24,10:02:41,2023-10-24,SJS,320
FLA,SJS,2023-10-24,10:02:41,2023-10-24,draw,390
FLA,SJS,2023-10-24,10:02:41,2023-10-24,FLA,-165
NYI,COL,2023-10-24,10:02:41,2023-10-24,COL,110
NYI,COL,2023-10-24,10:02:41,2023-10-24,draw,320
NYI,COL,2023-10-24,10:02:41,2023-10-24,NYI,185
DET,SEA,2023-10-24,10:02:41,2023-10-24,SEA,170
DET,SEA,2023-10-24,10:02:41,2023-10-24,draw,330
DET,SEA,2023-10-24,10:02:41,2023-10-24,DET,115
CHI,BOS,2023-10-24,10:02:41,2023-10-24,BOS,-140
CHI,BOS,2023-10-24,10:02:41,2023-10-24,draw,350
CHI,BOS,2023-10-24,10:02:41,2023-10-24,CHI,285
WPG,STL,2023-10-24,10:02:41,2023-10-24,STL,230
WPG,STL,2023-10-24,10:02:41,2023-10-24,draw,340
WPG,STL,2023-10-24,10:02:41,2023-10-24,WPG,-115
MIN,EDM,2023-10-24,10:02:41,2023-10-24,EDM,155
MIN,EDM,2023-10-24,10:02:41,2023-10-24,draw,330
MIN,EDM,2023-10-24,10:02:41,2023-10-24,MIN,125
NSH,VAN,2023-10-24,10:02:41,2023-10-24,VAN,160
NSH,VAN,2023-10-24,10:02:41,2023-10-24,draw,320
NSH,VAN,2023-10-24,10:02:41,2023-10-24,NSH,125
CGY,NYR,2023-10-24,10:02:41,2023-10-24,NYR,120
CGY,NYR,2023-10-24,10:02:41,2023-10-24,draw,320
CGY,NYR,2023-10-24,10:02:41,2023-10-24,CGY,170
LAK,ARI,2023-10-24,10:02:41,2023-10-24,ARI,255
LAK,ARI,2023-10-24,10:02:41,2023-10-24,draw,360
LAK,ARI,2023-10-24,10:02:41,2023-10-24,LAK,-130
VGK,PHI,2023-10-24,10:02:41,2023-10-24,PHI,280
VGK,PHI,2023-10-24,10:02:41,2023-10-24,draw,360
VGK,PHI,2023-10-24,10:02:41,2023-10-24,VGK,-140
NJD,WSH,2023-10-25,10:41:21,2023-10-25,WSH,300
NJD,WSH,2023-10-25,10:41:21,2023-10-25,draw,380
NJD,WSH,2023-10-25,10:41:21,2023-10-25,NJD,-155
BOS,ANA,2023-10-26,10:03:19,2023-10-26,ANA,400
BOS,ANA,2023-10-26,10:03:19,2023-10-26,draw,390
BOS,ANA,2023-10-26,10:03:19,2023-10-26,BOS,-195
TBL,SJS,2023-10-26,10:03:19,2023-10-26,SJS,360
TBL,SJS,2023-10-26,10:03:19,2023-10-26,draw,400
TBL,SJS,2023-10-26,10:03:19,2023-10-26,TBL,-180
PIT,COL,2023-10-26,10:03:19,2023-10-26,COL,115
PIT,COL,2023-10-26,10:03:19,2023-10-26,draw,340
PIT,COL,2023-10-26,10:03:19,2023-10-26,PIT,165
DET,WPG,2023-10-26,10:03:19,2023-10-26,WPG,130
DET,WPG,2023-10-26,10:03:19,2023-10-26,draw,330
DET,WPG,2023-10-26,10:03:19,2023-10-26,DET,155
CAR,SEA,2023-10-26,10:03:19,2023-10-26,SEA,235
CAR,SEA,2023-10-26,10:03:19,2023-10-26,draw,340
CAR,SEA,2023-10-26,10:03:19,2023-10-26,CAR,-120
MTL,CBJ,2023-10-26,10:03:19,2023-10-26,CBJ,150
MTL,CBJ,2023-10-26,10:03:19,2023-10-26,draw,330
MTL,CBJ,2023-10-26,10:03:19,2023-10-26,MTL,130
PHI,MIN,2023-10-26,10:03:19,2023-10-26,MIN,125
PHI,MIN,2023-10-26,10:03:19,2023-10-26,draw,320
PHI,MIN,2023-10-26,10:03:19,2023-10-26,PHI,160
NYI,OTT,2023-10-26,10:03:19,2023-10-26,OTT,165
NYI,OTT,2023-10-26,10:03:19,2023-10-26,draw,330
NYI,OTT,2023-10-26,10:03:19,2023-10-26,NYI,125
DAL,TOR,2023-10-26,10:03:19,2023-10-26,TOR,155
DAL,TOR,2023-10-26,10:03:19,2023-10-26,draw,320
DAL,TOR,2023-10-26,10:03:19,2023-10-26,DAL,130
EDM,NYR,2023-10-26,10:03:19,2023-10-26,NYR,120
EDM,NYR,2023-10-26,10:03:19,2023-10-26,draw,330
EDM,NYR,2023-10-26,10:03:19,2023-10-26,EDM,165
CGY,STL,2023-10-26,10:03:19,2023-10-26,STL,230
CGY,STL,2023-10-26,10:03:19,2023-10-26,draw,340
CGY,STL,2023-10-26,10:03:19,2023-10-26,CGY,-115
VGK,CHI,2023-10-27,07:38:45,2023-10-27,CHI,390
VGK,CHI,2023-10-27,07:38:45,2023-10-27,draw,390
VGK,CHI,2023-10-27,07:38:45,2023-10-27,VGK,-190
CAR,SJS,2023-10-27,07:38:45,2023-10-27,SJS,425
CAR,SJS,2023-10-27,07:38:45,2023-10-27,draw,425
CAR,SJS,2023-10-27,07:38:45,2023-10-27,CAR,-210
NJD,BUF,2023-10-27,07:38:45,2023-10-27,BUF,220
NJD,BUF,2023-10-27,07:38:45,2023-10-27,draw,370
NJD,BUF,2023-10-27,07:38:45,2023-10-27,NJD,-115
WSH,MIN,2023-10-27,07:38:45,2023-10-27,MIN,150
WSH,MIN,2023-10-27,07:38:45,2023-10-27,draw,320
WSH,MIN,2023-10-27,07:38:45,2023-10-27,WSH,135
ARI,LAK,2023-10-27,07:38:45,2023-10-27,LAK,115
ARI,LAK,2023-10-27,07:38:45,2023-10-27,draw,330
ARI,LAK,2023-10-27,07:38:45,2023-10-27,ARI,170
VAN,STL,2023-10-27,07:38:45,2023-10-27,STL,225
VAN,STL,2023-10-27,07:38:45,2023-10-27,draw,350
VAN,STL,2023-10-27,07:38:45,2023-10-27,VAN,-115
PHI,ANA,2023-10-28,09:41:34,2023-10-28,ANA,240
PHI,ANA,2023-10-28,09:41:34,2023-10-28,draw,340
PHI,ANA,2023-10-28,09:41:34,2023-10-28,PHI,-115
FLA,SEA,2023-10-28,09:41:34,2023-10-28,SEA,185
FLA,SEA,2023-10-28,09:41:34,2023-10-28,draw,340
FLA,SEA,2023-10-28,09:41:34,2023-10-28,FLA,105
BOS,DET,2023-10-28,09:41:34,2023-10-28,DET,275
BOS,DET,2023-10-28,09:41:34,2023-10-28,draw,340
BOS,DET,2023-10-28,09:41:34,2023-10-28,BOS,-135
NSH,TOR,2023-10-28,09:41:34,2023-10-28,TOR,110
NSH,TOR,2023-10-28,09:41:34,2023-10-28,draw,330
NSH,TOR,2023-10-28,09:41:34,2023-10-28,NSH,185
PIT,OTT,2023-10-28,09:41:34,2023-10-28,OTT,180
PIT,OTT,2023-10-28,09:41:34,2023-10-28,draw,340
PIT,OTT,2023-10-28,09:41:34,2023-10-28,PIT,105
MTL,WPG,2023-10-28,09:41:34,2023-10-28,WPG,105
MTL,WPG,2023-10-28,09:41:34,2023-10-28,draw,330
MTL,WPG,2023-10-28,09:41:34,2023-10-28,MTL,195
CBJ,NYI,2023-10-28,09:41:34,2023-10-28,NYI,105
CBJ,NYI,2023-10-28,09:41:34,2023-10-28,draw,330
CBJ,NYI,2023-10-28,09:41:34,2023-10-28,CBJ,195
VAN,NYR,2023-10-28,09:41:34,2023-10-28,NYR,-105
VAN,NYR,2023-10-28,09:41:34,2023-10-28,draw,330
VAN,NYR,2023-10-28,09:41:34,2023-10-28,VAN,215
LAK,VGK,2023-10-28,09:41:34,2023-10-28,VGK,130
LAK,VGK,2023-10-28,09:41:34,2023-10-28,draw,320
LAK,VGK,2023-10-28,09:41:34,2023-10-28,LAK,155
BUF,COL,2023-10-29,08:37:14,2023-10-29,COL,-105
BUF,COL,2023-10-29,08:37:14,2023-10-29,draw,350
BUF,COL,2023-10-29,08:37:14,2023-10-29,BUF,205
WSH,SJS,2023-10-29,08:37:14,2023-10-29,SJS,295
WSH,SJS,2023-10-29,08:37:14,2023-10-29,draw,350
WSH,SJS,2023-10-29,08:37:14,2023-10-29,WSH,-145
NJD,MIN,2023-10-29,08:37:14,2023-10-29,MIN,225
NJD,MIN,2023-10-29,08:37:14,2023-10-29,draw,350
NJD,MIN,2023-10-29,08:37:14,2023-10-29,NJD,-115
EDM,CGY,2023-10-29,08:37:14,2023-10-29,CGY,195
EDM,CGY,2023-10-29,08:37:14,2023-10-29,draw,340
EDM,CGY,2023-10-29,08:37:14,2023-10-29,EDM,100
BOS,FLA,2023-10-30,11:52:24,2023-10-30,FLA,215
BOS,FLA,2023-10-30,11:52:24,2023-10-30,draw,340
BOS,FLA,2023-10-30,11:52:24,2023-10-30,BOS,-105
PIT,ANA,2023-10-30,11:52:24,2023-10-30,ANA,290
PIT,ANA,2023-10-30,11:52:24,2023-10-30,draw,370
PIT,ANA,2023-10-30,11:52:24,2023-10-30,PIT,-145
PHI,CAR,2023-10-30,11:52:24,2023-10-30,CAR,-120
PHI,CAR,2023-10-30,11:52:24,2023-10-30,draw,340
PHI,CAR,2023-10-30,11:52:24,2023-10-30,PHI,240
TBL,SEA,2023-10-30,11:52:24,2023-10-30,SEA,190
TBL,SEA,2023-10-30,11:52:24,2023-10-30,draw,330
TBL,SEA,2023-10-30,11:52:24,2023-10-30,TBL,105
WPG,NYR,2023-10-30,11:52:24,2023-10-30,NYR,125
WPG,NYR,2023-10-30,11:52:24,2023-10-30,draw,310
WPG,NYR,2023-10-30,11:52:24,2023-10-30,WPG,160
NYI,DET,2023-10-30,11:52:24,2023-10-30,DET,200
NYI,DET,2023-10-30,11:52:24,2023-10-30,draw,320
NYI,DET,2023-10-30,11:52:24,2023-10-30,NYI,100
DAL,CBJ,2023-10-30,11:52:24,2023-10-30,CBJ,350
DAL,CBJ,2023-10-30,11:52:24,2023-10-30,draw,380
DAL,CBJ,2023-10-30,11:52:24,2023-10-30,DAL,-170
VGK,MTL,2023-10-30,11:52:24,2023-10-30,MTL,300
VGK,MTL,2023-10-30,11:52:24,2023-10-30,draw,370
VGK,MTL,2023-10-30,11:52:24,2023-10-30,VGK,-150
ARI,CHI,2023-10-30,11:52:24,2023-10-30,CHI,235
ARI,CHI,2023-10-30,11:52:24,2023-10-30,draw,340
ARI,CHI,2023-10-30,11:52:24,2023-10-30,ARI,-115
TOR,LAK,2023-10-31,10:00:29,2023-10-31,LAK,195
TOR,LAK,2023-10-31,10:00:29,2023-10-31,draw,350
TOR,LAK,2023-10-31,10:00:29,2023-10-31,TOR,100
VAN,NSH,2023-10-31,10:00:29,2023-10-31,NSH,180
VAN,NSH,2023-10-31,10:00:29,2023-10-31,draw,320
VAN,NSH,2023-10-31,10:00:29,2023-10-31,VAN,115
PHI,BUF,2023-11-01,11:15:53,2023-11-01,BUF,140
PHI,BUF,2023-11-01,11:15:53,2023-11-01,draw,340
PHI,BUF,2023-11-01,11:15:53,2023-11-01,PHI,140
CGY,DAL,2023-11-01,11:15:53,2023-11-01,DAL,120
CGY,DAL,2023-11-01,11:15:53,2023-11-01,draw,320
CGY,DAL,2023-11-01,11:15:53,2023-11-01,CGY,175
COL,STL,2023-11-01,11:15:53,2023-11-01,STL,300
COL,STL,2023-11-01,11:15:53,2023-11-01,draw,370
COL,STL,2023-11-01,11:15:53,2023-11-01,COL,-150
ANA,ARI,2023-11-01,11:15:53,2023-11-01,ARI,120
ANA,ARI,2023-11-01,11:15:53,2023-11-01,draw,330
ANA,ARI,2023-11-01,11:15:53,2023-11-01,ANA,165
CBJ,TBL,2023-11-02,10:01:58,2023-11-02,TBL,-105
CBJ,TBL,2023-11-02,10:01:58,2023-11-02,draw,350
CBJ,TBL,2023-11-02,10:01:58,2023-11-02,CBJ,205
NYR,CAR,2023-11-02,10:01:58,2023-11-02,CAR,155
NYR,CAR,2023-11-02,10:01:58,2023-11-02,draw,310
NYR,CAR,2023-11-02,10:01:58,2023-11-02,NYR,135
DET,FLA,2023-11-02,10:01:58,2023-11-02,FLA,135
DET,FLA,2023-11-02,10:01:58,2023-11-02,draw,340
DET,FLA,2023-11-02,10:01:58,2023-11-02,DET,145
OTT,LAK,2023-11-02,10:01:58,2023-11-02,LAK,140
OTT,LAK,2023-11-02,10:01:58,2023-11-02,draw,340
OTT,LAK,2023-11-02,10:01:58,2023-11-02,OTT,140
WSH,NYI,2023-11-02,10:01:58,2023-11-02,NYI,120
WSH,NYI,2023-11-02,10:01:58,2023-11-02,draw,310
WSH,NYI,2023-11-02,10:01:58,2023-11-02,WSH,175
BOS,TOR,2023-11-02,10:01:58,2023-11-02,TOR,145
BOS,TOR,2023-11-02,10:01:58,2023-11-02,draw,320
BOS,TOR,2023-11-02,10:01:58,2023-11-02,BOS,140
MIN,NJD,2023-11-02,10:01:58,2023-11-02,NJD,135
MIN,NJD,2023-11-02,10:01:58,2023-11-02,draw,340
MIN,NJD,2023-11-02,10:01:58,2023-11-02,MIN,145
EDM,DAL,2023-11-02,10:01:58,2023-11-02,DAL,190
EDM,DAL,2023-11-02,10:01:58,2023-11-02,draw,340
EDM,DAL,2023-11-02,10:01:58,2023-11-02,EDM,105
VGK,WPG,2023-11-02,10:01:58,2023-11-02,WPG,190
VGK,WPG,2023-11-02,10:01:58,2023-11-02,draw,320
VGK,WPG,2023-11-02,10:01:58,2023-11-02,VGK,105
SEA,NSH,2023-11-02,10:01:58,2023-11-02,NSH,160
SEA,NSH,2023-11-02,10:01:58,2023-11-02,draw,310
SEA,NSH,2023-11-02,10:01:58,2023-11-02,SEA,130
ARI,MTL,2023-11-02,10:01:58,2023-11-02,MTL,170
ARI,MTL,2023-11-02,10:01:58,2023-11-02,draw,330
ARI,MTL,2023-11-02,10:01:58,2023-11-02,ARI,120
SJS,VAN,2023-11-02,10:01:58,2023-11-02,VAN,-140
SJS,VAN,2023-11-02,10:01:58,2023-11-02,draw,350
SJS,VAN,2023-11-02,10:01:58,2023-11-02,SJS,285
BUF,PHI,2023-11-03,11:10:23,2023-11-03,PHI,210
BUF,PHI,2023-11-03,11:10:23,2023-11-03,draw,350
BUF,PHI,2023-11-03,11:10:23,2023-11-03,BUF,-105
STL,NJD,2023-11-03,11:10:23,2023-11-03,NJD,105
STL,NJD,2023-11-03,11:10:23,2023-11-03,draw,340
STL,NJD,2023-11-03,11:10:23,2023-11-03,STL,190
EDM,NSH,2023-11-04,10:13:04,2023-11-04,NSH,230
EDM,NSH,2023-11-04,10:13:04,2023-11-04,draw,350
EDM,NSH,2023-11-04,10:13:04,2023-11-04,EDM,-115
ARI,WPG,2023-11-04,10:13:04,2023-11-04,WPG,120
ARI,WPG,2023-11-04,10:13:04,2023-11-04,draw,320
ARI,WPG,2023-11-04,10:13:04,2023-11-04,ARI,165
DET,BOS,2023-11-04,10:13:04,2023-11-04,BOS,110
DET,BOS,2023-11-04,10:13:04,2023-11-04,draw,320
DET,BOS,2023-11-04,10:13:04,2023-11-04,DET,185
TOR,BUF,2023-11-04,10:13:04,2023-11-04,BUF,260
TOR,BUF,2023-11-04,10:13:04,2023-11-04,draw,370
TOR,BUF,2023-11-04,10:13:04,2023-11-04,TOR,-135
OTT,TBL,2023-11-04,10:13:04,2023-11-04,TBL,155
OTT,TBL,2023-11-04,10:13:04,2023-11-04,draw,340
OTT,TBL,2023-11-04,10:13:04,2023-11-04,OTT,125
STL,MTL,2023-11-04,10:13:04,2023-11-04,MTL,155
STL,MTL,2023-11-04,10:13:04,2023-11-04,draw,330
STL,MTL,2023-11-04,10:13:04,2023-11-04,STL,130
WSH,CBJ,2023-11-04,10:13:04,2023-11-04,CBJ,185
WSH,CBJ,2023-11-04,10:13:04,2023-11-04,draw,330
WSH,CBJ,2023-11-04,10:13:04,2023-11-04,WSH,110
PHI,LAK,2023-11-04,10:13:04,2023-11-04,LAK,-115
PHI,LAK,2023-11-04,10:13:04,2023-11-04,draw,350
PHI,LAK,2023-11-04,10:13:04,2023-11-04,PHI,225
NYI,CAR,2023-11-04,10:13:04,2023-11-04,CAR,120
NYI,CAR,2023-11-04,10:13:04,2023-11-04,draw,310
NYI,CAR,2023-11-04,10:13:04,2023-11-04,NYI,170
CHI,FLA,2023-11-04,10:13:04,2023-11-04,FLA,-130
CHI,FLA,2023-11-04,10:13:04,2023-11-04,draw,350
CHI,FLA,2023-11-04,10:13:04,2023-11-04,CHI,260
MIN,NYR,2023-11-04,10:13:04,2023-11-04,NYR,140
MIN,NYR,2023-11-04,10:13:04,2023-11-04,draw,320
MIN,NYR,2023-11-04,10:13:04,2023-11-04,MIN,140
SJS,PIT,2023-11-04,10:13:04,2023-11-04,PIT,-160
SJS,PIT,2023-11-04,10:13:04,2023-11-04,draw,370
SJS,PIT,2023-11-04,10:13:04,2023-11-04,SJS,320
VGK,COL,2023-11-04,10:13:04,2023-11-04,COL,130
VGK,COL,2023-11-04,10:13:04,2023-11-04,draw,320
VGK,COL,2023-11-04,10:13:04,2023-11-04,VGK,155
VAN,DAL,2023-11-04,10:13:04,2023-11-04,DAL,130
VAN,DAL,2023-11-04,10:13:04,2023-11-04,draw,320
VAN,DAL,2023-11-04,10:13:04,2023-11-04,VAN,160
SEA,CGY,2023-11-04,10:13:04,2023-11-04,CGY,150
SEA,CGY,2023-11-04,10:13:04,2023-11-04,draw,320
SEA,CGY,2023-11-04,10:13:04,2023-11-04,SEA,135
CHI,NJD,2023-11-05,09:13:48,2023-11-05,NJD,-130
CHI,NJD,2023-11-05,09:13:48,2023-11-05,draw,350
CHI,NJD,2023-11-05,09:13:48,2023-11-05,CHI,260
ANA,VGK,2023-11-05,09:13:48,2023-11-05,VGK,-115
ANA,VGK,2023-11-05,09:13:48,2023-11-05,draw,340
ANA,VGK,2023-11-05,09:13:48,2023-11-05,ANA,230
FLA,CBJ,2023-11-06,11:07:35,2023-11-06,CBJ,275
FLA,CBJ,2023-11-06,11:07:35,2023-11-06,draw,370
FLA,CBJ,2023-11-06,11:07:35,2023-11-06,FLA,-140
TOR,TBL,2023-11-06,11:07:35,2023-11-06,TBL,185
TOR,TBL,2023-11-06,11:07:35,2023-11-06,draw,340
TOR,TBL,2023-11-06,11:07:35,2023-11-06,TOR,105
DAL,BOS,2023-11-06,11:07:35,2023-11-06,BOS,175
DAL,BOS,2023-11-06,11:07:35,2023-11-06,draw,310
DAL,BOS,2023-11-06,11:07:35,2023-11-06,DAL,120
VAN,EDM,2023-11-06,11:07:35,2023-11-06,EDM,140
VAN,EDM,2023-11-06,11:07:35,2023-11-06,draw,340
VAN,EDM,2023-11-06,11:07:35,2023-11-06,VAN,135
CAR,BUF,2023-11-07,10:05:05,2023-11-07,BUF,260
CAR,BUF,2023-11-07,10:05:05,2023-11-07,draw,370
CAR,BUF,2023-11-07,10:05:05,2023-11-07,CAR,-135
MTL,TBL,2023-11-07,10:05:05,2023-11-07,TBL,110
MTL,TBL,2023-11-07,10:05:05,2023-11-07,draw,340
MTL,TBL,2023-11-07,10:05:05,2023-11-07,MTL,175
NYR,DET,2023-11-07,10:05:05,2023-11-07,DET,210
NYR,DET,2023-11-07,10:05:05,2023-11-07,draw,330
NYR,DET,2023-11-07,10:05:05,2023-11-07,NYR,-105
NYI,MIN,2023-11-07,10:05:05,2023-11-07,MIN,160
NYI,MIN,2023-11-07,10:05:05,2023-11-07,draw,320
NYI,MIN,2023-11-07,10:05:05,2023-11-07,NYI,125
STL,WPG,2023-11-07,10:05:05,2023-11-07,WPG,110
STL,WPG,2023-11-07,10:05:05,2023-11-07,draw,320
STL,WPG,2023-11-07,10:05:05,2023-11-07,STL,180
CGY,NSH,2023-11-07,10:05:05,2023-11-07,NSH,170
CGY,NSH,2023-11-07,10:05:05,2023-11-07,draw,320
CGY,NSH,2023-11-07,10:05:05,2023-11-07,CGY,120
ARI,SEA,2023-11-07,10:05:05,2023-11-07,SEA,145
ARI,SEA,2023-11-07,10:05:05,2023-11-07,draw,320
ARI,SEA,2023-11-07,10:05:05,2023-11-07,ARI,135
ANA,PIT,2023-11-07,10:05:05,2023-11-07,PIT,-115
ANA,PIT,2023-11-07,10:05:05,2023-11-07,draw,360
ANA,PIT,2023-11-07,10:05:05,2023-11-07,ANA,225
COL,NJD,2023-11-07,10:05:05,2023-11-07,NJD,220
COL,NJD,2023-11-07,10:05:05,2023-11-07,draw,340
COL,NJD,2023-11-07,10:05:05,2023-11-07,COL,-110
SJS,PHI,2023-11-07,10:05:05,2023-11-07,PHI,-130
SJS,PHI,2023-11-07,10:05:05,2023-11-07,draw,360
SJS,PHI,2023-11-07,10:05:05,2023-11-07,SJS,255
TOR,OTT,2023-11-08,11:45:25,2023-11-08,OTT,210
TOR,OTT,2023-11-08,11:45:25,2023-11-08,draw,350
TOR,OTT,2023-11-08,11:45:25,2023-11-08,TOR,-110
WSH,FLA,2023-11-08,11:45:25,2023-11-08,FLA,115
WSH,FLA,2023-11-08,11:45:25,2023-11-08,draw,330
WSH,FLA,2023-11-08,11:45:25,2023-11-08,WSH,175
VGK,LAK,2023-11-08,11:45:25,2023-11-08,LAK,165
VGK,LAK,2023-11-08,11:45:25,2023-11-08,draw,330
VGK,LAK,2023-11-08,11:45:25,2023-11-08,VGK,120
BOS,NYI,2023-11-09,10:00:52,2023-11-09,NYI,185
BOS,NYI,2023-11-09,10:00:52,2023-11-09,draw,330
BOS,NYI,2023-11-09,10:00:52,2023-11-09,BOS,110
TBL,CHI,2023-11-09,10:00:52,2023-11-09,CHI,300
TBL,CHI,2023-11-09,10:00:52,2023-11-09,draw,390
TBL,CHI,2023-11-09,10:00:52,2023-11-09,TBL,-160
NYR,MIN,2023-11-09,10:00:52,2023-11-09,MIN,165
NYR,MIN,2023-11-09,10:00:52,2023-11-09,draw,340
NYR,MIN,2023-11-09,10:00:52,2023-11-09,NYR,120
OTT,VAN,2023-11-09,10:00:52,2023-11-09,VAN,130
OTT,VAN,2023-11-09,10:00:52,2023-11-09,draw,370
OTT,VAN,2023-11-09,10:00:52,2023-11-09,OTT,140
DET,MTL,2023-11-09,10:00:52,2023-11-09,MTL,215
DET,MTL,2023-11-09,10:00:52,2023-11-09,draw,370
DET,MTL,2023-11-09,10:00:52,2023-11-09,DET,-115
CBJ,DAL,2023-11-09,10:00:52,2023-11-09,DAL,-125
CBJ,DAL,2023-11-09,10:00:52,2023-11-09,draw,350
CBJ,DAL,2023-11-09,10:00:52,2023-11-09,CBJ,250
WPG,NSH,2023-11-09,10:00:52,2023-11-09,NSH,160
WPG,NSH,2023-11-09,10:00:52,2023-11-09,draw,350
WPG,NSH,2023-11-09,10:00:52,2023-11-09,WPG,120
STL,ARI,2023-11-09,10:00:52,2023-11-09,ARI,155
STL,ARI,2023-11-09,10:00:52,2023-11-09,draw,350
STL,ARI,2023-11-09,10:00:52,2023-11-09,STL,120
COL,SEA,2023-11-09,10:00:52,2023-11-09,SEA,285
COL,SEA,2023-11-09,10:00:52,2023-11-09,draw,380
COL,SEA,2023-11-09,10:00:52,2023-11-09,COL,-145
LAK,PIT,2023-11-09,10:00:52,2023-11-09,PIT,170
LAK,PIT,2023-11-09,10:00:52,2023-11-09,draw,350
LAK,PIT,2023-11-09,10:00:52,2023-11-09,LAK,115
SJS,EDM,2023-11-09,10:00:52,2023-11-09,EDM,-245
SJS,EDM,2023-11-09,10:00:52,2023-11-09,draw,450
SJS,EDM,2023-11-09,10:00:52,2023-11-09,SJS,475
TOR,CGY,2023-11-10,10:38:40,2023-11-10,CGY,200
TOR,CGY,2023-11-10,10:38:40,2023-11-10,draw,370
TOR,CGY,2023-11-10,10:38:40,2023-11-10,TOR,-105
NJD,WSH,2023-11-10,10:38:40,2023-11-10,WSH,225
NJD,WSH,2023-11-10,10:38:40,2023-11-10,draw,370
NJD,WSH,2023-11-10,10:38:40,2023-11-10,NJD,-120
BUF,MIN,2023-11-10,10:38:40,2023-11-10,MIN,155
BUF,MIN,2023-11-10,10:38:40,2023-11-10,draw,360
BUF,MIN,2023-11-10,10:38:40,2023-11-10,BUF,120
FLA,CAR,2023-11-10,10:38:40,2023-11-10,CAR,115
FLA,CAR,2023-11-10,10:38:40,2023-11-10,draw,350
FLA,CAR,2023-11-10,10:38:40,2023-11-10,FLA,160
VGK,SJS,2023-11-10,10:38:40,2023-11-10,SJS,600
VGK,SJS,2023-11-10,10:38:40,2023-11-10,draw,500
VGK,SJS,2023-11-10,10:38:40,2023-11-10,VGK,-310
ANA,PHI,2023-11-10,10:38:40,2023-11-10,PHI,120
ANA,PHI,2023-11-10,10:38:40,2023-11-10,draw,340
ANA,PHI,2023-11-10,10:38:40,2023-11-10,ANA,160
DET,CBJ,2023-11-11,10:11:53,2023-11-11,CBJ,200
DET,CBJ,2023-11-11,10:11:53,2023-11-11,draw,370
DET,CBJ,2023-11-11,10:11:53,2023-11-11,DET,-105
WPG,DAL,2023-11-11,10:11:53,2023-11-11,DAL,125
WPG,DAL,2023-11-11,10:11:53,2023-11-11,draw,340
WPG,DAL,2023-11-11,10:11:53,2023-11-11,WPG,155
TOR,VAN,2023-11-11,10:11:53,2023-11-11,VAN,170
TOR,VAN,2023-11-11,10:11:53,2023-11-11,draw,350
TOR,VAN,2023-11-11,10:11:53,2023-11-11,TOR,115
MTL,BOS,2023-11-11,10:11:53,2023-11-11,BOS,-125
MTL,BOS,2023-11-11,10:11:53,2023-11-11,draw,360
MTL,BOS,2023-11-11,10:11:53,2023-11-11,MTL,250
OTT,CGY,2023-11-11,10:11:53,2023-11-11,CGY,175
OTT,CGY,2023-11-11,10:11:53,2023-11-11,draw,350
OTT,CGY,2023-11-11,10:11:53,2023-11-11,OTT,110
TBL,CAR,2023-11-11,10:11:53,2023-11-11,CAR,140
TBL,CAR,2023-11-11,10:11:53,2023-11-11,draw,340
TBL,CAR,2023-11-11,10:11:53,2023-11-11,TBL,135
PIT,BUF,2023-11-11,10:11:53,2023-11-11,BUF,225
PIT,BUF,2023-11-11,10:11:53,2023-11-11,draw,370
PIT,BUF,2023-11-11,10:11:53,2023-11-11,PIT,-115
NYI,WSH,2023-11-11,10:11:53,2023-11-11,WSH,220
NYI,WSH,2023-11-11,10:11:53,2023-11-11,draw,350
NYI,WSH,2023-11-11,10:11:53,2023-11-11,NYI,-115
NSH,ARI,2023-11-11,10:11:53,2023-11-11,ARI,200
NSH,ARI,2023-11-11,10:11:53,2023-11-11,draw,350
NSH,ARI,2023-11-11,10:11:53,2023-11-11,NSH,100
COL,STL,2023-11-11,10:11:53,2023-11-11,STL,320
COL,STL,2023-11-11,10:11:53,2023-11-11,draw,380
COL,STL,2023-11-11,10:11:53,2023-11-11,COL,-160
SEA,EDM,2023-11-11,10:11:53,2023-11-11,EDM,130
SEA,EDM,2023-11-11,10:11:53,2023-11-11,draw,360
SEA,EDM,2023-11-11,10:11:53,2023-11-11,SEA,140
LAK,PHI,2023-11-11,10:11:53,2023-11-11,PHI,310
LAK,PHI,2023-11-11,10:11:53,2023-11-11,draw,380
LAK,PHI,2023-11-11,10:11:53,2023-11-11,LAK,-160
FLA,CHI,2023-11-12,10:46:36,2023-11-12,CHI,330
FLA,CHI,2023-11-12,10:46:36,2023-11-12,draw,400
FLA,CHI,2023-11-12,10:46:36,2023-11-12,FLA,-170
MIN,DAL,2023-11-12,10:46:36,2023-11-12,DAL,130
MIN,DAL,2023-11-12,10:46:36,2023-11-12,draw,340
MIN,DAL,2023-11-12,10:46:36,2023-11-12,MIN,145
NYR,CBJ,2023-11-12,10:46:36,2023-11-12,CBJ,295
NYR,CBJ,2023-11-12,10:46:36,2023-11-12,draw,380
NYR,CBJ,2023-11-12,10:46:36,2023-11-12,NYR,-150
MTL,VAN,2023-11-12,10:46:36,2023-11-12,VAN,-105
MTL,VAN,2023-11-12,10:46:36,2023-11-12,draw,360
MTL,VAN,2023-11-12,10:46:36,2023-11-12,MTL,200
ANA,SJS,2023-11-12,10:46:36,2023-11-12,SJS,240
ANA,SJS,2023-11-12,10:46:36,2023-11-12,draw,380
ANA,SJS,2023-11-12,10:46:36,2023-11-12,ANA,-125
EDM,NYI,2023-11-13,11:32:16,2023-11-13,NYI,225
EDM,NYI,2023-11-13,11:32:16,2023-11-13,draw,350
EDM,NYI,2023-11-13,11:32:16,2023-11-13,EDM,-115
SEA,COL,2023-11-13,11:32:16,2023-11-13,COL,105
SEA,COL,2023-11-13,11:32:16,2023-11-13,draw,350
SEA,COL,2023-11-13,11:32:16,2023-11-13,SEA,185
BUF,BOS,2023-11-14,10:02:33,2023-11-14,BOS,110
BUF,BOS,2023-11-14,10:02:33,2023-11-14,draw,340
BUF,BOS,2023-11-14,10:02:33,2023-11-14,BUF,175
WSH,VGK,2023-11-14,10:02:33,2023-11-14,VGK,100
WSH,VGK,2023-11-14,10:02:33,2023-11-14,draw,330
WSH,VGK,2023-11-14,10:02:33,2023-11-14,WSH,195
CBJ,PIT,2023-11-14,10:02:33,2023-11-14,PIT,-105
CBJ,PIT,2023-11-14,10:02:33,2023-11-14,draw,360
CBJ,PIT,2023-11-14,10:02:33,2023-11-14,CBJ,200
MTL,CGY,2023-11-14,10:02:33,2023-11-14,CGY,105
MTL,CGY,2023-11-14,10:02:33,2023-11-14,draw,350
MTL,CGY,2023-11-14,10:02:33,2023-11-14,MTL,185
NSH,ANA,2023-11-14,10:02:33,2023-11-14,ANA,215
NSH,ANA,2023-11-14,10:02:33,2023-11-14,draw,350
NSH,ANA,2023-11-14,10:02:33,2023-11-14,NSH,-110
DAL,ARI,2023-11-14,10:02:33,2023-11-14,ARI,260
DAL,ARI,2023-11-14,10:02:33,2023-11-14,draw,370
DAL,ARI,2023-11-14,10:02:33,2023-11-14,DAL,-135
STL,TBL,2023-11-14,10:02:33,2023-11-14,TBL,110
STL,TBL,2023-11-14,10:02:33,2023-11-14,draw,350
STL,TBL,2023-11-14,10:02:33,2023-11-14,STL,170
WPG,NJD,2023-11-14,10:02:33,2023-11-14,NJD,170
WPG,NJD,2023-11-14,10:02:33,2023-11-14,draw,340
WPG,NJD,2023-11-14,10:02:33,2023-11-14,WPG,115
SJS,FLA,2023-11-14,10:02:33,2023-11-14,FLA,-170
SJS,FLA,2023-11-14,10:02:33,2023-11-14,draw,400
SJS,FLA,2023-11-14,10:02:33,2023-11-14,SJS,320
CAR,PHI,2023-11-15,11:24:14,2023-11-15,PHI,265
CAR,PHI,2023-11-15,11:24:14,2023-11-15,draw,380
CAR,PHI,2023-11-15,11:24:14,2023-11-15,CAR,-135
EDM,SEA,2023-11-15,11:24:14,2023-11-15,SEA,230
EDM,SEA,2023-11-15,11:24:14,2023-11-15,draw,380
EDM,SEA,2023-11-15,11:24:14,2023-11-15,EDM,-125
COL,ANA,2023-11-15,11:24:14,2023-11-15,ANA,370
COL,ANA,2023-11-15,11:24:14,2023-11-15,draw,400
COL,ANA,2023-11-15,11:24:14,2023-11-15,COL,-190
VAN,NYI,2023-11-15,11:24:14,2023-11-15,NYI,190
VAN,NYI,2023-11-15,11:24:14,2023-11-15,draw,350
VAN,NYI,2023-11-15,11:24:14,2023-11-15,VAN,100
OTT,DET,2023-11-16,10:02:00,2023-11-16,DET,155
OTT,DET,2023-11-16,10:02:00,2023-11-16,draw,360
OTT,DET,2023-11-16,10:02:00,2023-11-16,OTT,120
MTL,VGK,2023-11-16,10:02:00,2023-11-16,VGK,-115
MTL,VGK,2023-11-16,10:02:00,2023-11-16,draw,350
MTL,VGK,2023-11-16,10:02:00,2023-11-16,MTL,225
PIT,NJD,2023-11-16,10:02:00,2023-11-16,NJD,190
PIT,NJD,2023-11-16,10:02:00,2023-11-16,draw,370
PIT,NJD,2023-11-16,10:02:00,2023-11-16,PIT,-105
CBJ,ARI,2023-11-16,10:02:00,2023-11-16,ARI,135
CBJ,ARI,2023-11-16,10:02:00,2023-11-16,draw,360
CBJ,ARI,2023-11-16,10:02:00,2023-11-16,CBJ,140
CHI,TBL,2023-11-16,10:02:00,2023-11-16,TBL,-115
CHI,TBL,2023-11-16,10:02:00,2023-11-16,draw,370
CHI,TBL,2023-11-16,10:02:00,2023-11-16,CHI,215
CGY,VAN,2023-11-16,10:02:00,2023-11-16,VAN,170
CGY,VAN,2023-11-16,10:02:00,2023-11-16,draw,350
CGY,VAN,2023-11-16,10:02:00,2023-11-16,CGY,110
SEA,NYI,2023-11-16,10:02:00,2023-11-16,NYI,150
SEA,NYI,2023-11-16,10:02:00,2023-11-16,draw,340
SEA,NYI,2023-11-16,10:02:00,2023-11-16,SEA,130
SJS,STL,2023-11-16,10:02:00,2023-11-16,STL,-115
SJS,STL,2023-11-16,10:02:00,2023-11-16,draw,350
SJS,STL,2023-11-16,10:02:00,2023-11-16,SJS,230
LAK,FLA,2023-11-16,10:02:00,2023-11-16,FLA,170
LAK,FLA,2023-11-16,10:02:00,2023-11-16,draw,350
LAK,FLA,2023-11-16,10:02:00,2023-11-16,LAK,115
DET,TOR,2023-11-17,09:47:13,2023-11-17,TOR,-110
DET,TOR,2023-11-17,09:47:13,2023-11-17,draw,400
DET,TOR,2023-11-17,09:47:13,2023-11-17,DET,200
WPG,BUF,2023-11-17,09:47:13,2023-11-17,BUF,230
WPG,BUF,2023-11-17,09:47:13,2023-11-17,draw,380
WPG,BUF,2023-11-17,09:47:13,2023-11-17,WPG,-120
ANA,FLA,2023-11-17,09:47:13,2023-11-17,FLA,-115
ANA,FLA,2023-11-17,09:47:13,2023-11-17,draw,400
ANA,FLA,2023-11-17,09:47:13,2023-11-17,ANA,200
OTT,MIN,2023-11-18,06:47:19,2023-11-18,MIN,130
OTT,MIN,2023-11-18,06:47:19,2023-11-18,draw,390
OTT,MIN,2023-11-18,06:47:19,2023-11-18,OTT,135
PHI,VGK,2023-11-18,06:47:19,2023-11-18,VGK,-115
PHI,VGK,2023-11-18,06:47:19,2023-11-18,draw,360
PHI,VGK,2023-11-18,06:47:19,2023-11-18,PHI,220
NSH,CHI,2023-11-18,06:47:19,2023-11-18,CHI,255
NSH,CHI,2023-11-18,06:47:19,2023-11-18,draw,380
NSH,CHI,2023-11-18,06:47:19,2023-11-18,NSH,-135
TBL,EDM,2023-11-18,06:47:19,2023-11-18,EDM,125
TBL,EDM,2023-11-18,06:47:19,2023-11-18,draw,390
TBL,EDM,2023-11-18,06:47:19,2023-11-18,TBL,140
BOS,MTL,2023-11-18,06:47:19,2023-11-18,MTL,350
BOS,MTL,2023-11-18,06:47:19,2023-11-18,draw,425
BOS,MTL,2023-11-18,06:47:19,2023-11-18,BOS,-185
CAR,PIT,2023-11-18,06:47:19,2023-11-18,PIT,235
CAR,PIT,2023-11-18,06:47:19,2023-11-18,draw,370
CAR,PIT,2023-11-18,06:47:19,2023-11-18,CAR,-125
NJD,NYR,2023-11-18,06:47:19,2023-11-18,NYR,145
NJD,NYR,2023-11-18,06:47:19,2023-11-18,draw,360
NJD,NYR,2023-11-18,06:47:19,2023-11-18,NJD,130
CGY,NYI,2023-11-18,06:47:19,2023-11-18,NYI,190
CGY,NYI,2023-11-18,06:47:19,2023-11-18,draw,360
CGY,NYI,2023-11-18,06:47:19,2023-11-18,CGY,100
WPG,ARI,2023-11-18,06:47:19,2023-11-18,ARI,260
WPG,ARI,2023-11-18,06:47:19,2023-11-18,draw,380
WPG,ARI,2023-11-18,06:47:19,2023-11-18,WPG,-135
WSH,CBJ,2023-11-18,06:47:19,2023-11-18,CBJ,220
WSH,CBJ,2023-11-18,06:47:19,2023-11-18,draw,360
WSH,CBJ,2023-11-18,06:47:19,2023-11-18,WSH,-115
DAL,COL,2023-11-18,06:47:19,2023-11-18,COL,175
DAL,COL,2023-11-18,06:47:19,2023-11-18,draw,360
DAL,COL,2023-11-18,06:47:19,2023-11-18,DAL,110
VAN,SEA,2023-11-18,06:47:19,2023-11-18,SEA,230
VAN,SEA,2023-11-18,06:47:19,2023-11-18,draw,380
VAN,SEA,2023-11-18,06:47:19,2023-11-18,VAN,-120
LAK,STL,2023-11-18,06:47:19,2023-11-18,STL,280
LAK,STL,2023-11-18,06:47:19,2023-11-18,draw,380
LAK,STL,2023-11-18,06:47:19,2023-11-18,LAK,-145
PHI,CBJ,2023-11-19,08:29:33,2023-11-19,CBJ,205
PHI,CBJ,2023-11-19,08:29:33,2023-11-19,draw,360
PHI,CBJ,2023-11-19,08:29:33,2023-11-19,PHI,-110
PIT,VGK,2023-11-19,08:29:33,2023-11-19,VGK,135
PIT,VGK,2023-11-19,08:29:33,2023-11-19,draw,370
PIT,VGK,2023-11-19,08:29:33,2023-11-19,PIT,135
CHI,BUF,2023-11-19,08:29:33,2023-11-19,BUF,-120
CHI,BUF,2023-11-19,08:29:33,2023-11-19,draw,400
CHI,BUF,2023-11-19,08:29:33,2023-11-19,CHI,210
ANA,STL,2023-11-19,08:29:33,2023-11-19,STL,150
ANA,STL,2023-11-19,08:29:33,2023-11-19,draw,360
ANA,STL,2023-11-19,08:29:33,2023-11-19,ANA,125
TBL,BOS,2023-11-20,09:26:58,2023-11-20,BOS,110
TBL,BOS,2023-11-20,09:26:58,2023-11-20,draw,350
TBL,BOS,2023-11-20,09:26:58,2023-11-20,TBL,170
FLA,EDM,2023-11-20,09:26:58,2023-11-20,EDM,165
FLA,EDM,2023-11-20,09:26:58,2023-11-20,draw,390
FLA,EDM,2023-11-20,09:26:58,2023-11-20,FLA,105
NSH,COL,2023-11-20,09:26:58,2023-11-20,COL,-110
NSH,COL,2023-11-20,09:26:58,2023-11-20,draw,390
NSH,COL,2023-11-20,09:26:58,2023-11-20,NSH,200
DAL,NYR,2023-11-20,09:26:58,2023-11-20,NYR,180
DAL,NYR,2023-11-20,09:26:58,2023-11-20,draw,350
DAL,NYR,2023-11-20,09:26:58,2023-11-20,DAL,105
ARI,LAK,2023-11-20,09:26:58,2023-11-20,LAK,-105
ARI,LAK,2023-11-20,09:26:58,2023-11-20,draw,380
ARI,LAK,2023-11-20,09:26:58,2023-11-20,ARI,190
VAN,SJS,2023-11-20,09:26:58,2023-11-20,SJS,450
VAN,SJS,2023-11-20,09:26:58,2023-11-20,draw,475
VAN,SJS,2023-11-20,09:26:58,2023-11-20,VAN,-240
SEA,CGY,2023-11-20,09:26:58,2023-11-20,CGY,160
SEA,CGY,2023-11-20,09:26:58,2023-11-20,draw,350
SEA,CGY,2023-11-20,09:26:58,2023-11-20,SEA,120
DET,NJD,2023-11-22,09:53:02,2023-11-22,NJD,100
DET,NJD,2023-11-22,09:53:02,2023-11-22,draw,380
DET,NJD,2023-11-22,09:53:02,2023-11-22,DET,180
FLA,BOS,2023-11-22,09:53:02,2023-11-22,BOS,115
FLA,BOS,2023-11-22,09:53:02,2023-11-22,draw,350
FLA,BOS,2023-11-22,09:53:02,2023-11-22,FLA,165
CAR,EDM,2023-11-22,09:53:02,2023-11-22,EDM,200
CAR,EDM,2023-11-22,09:53:02,2023-11-22,draw,370
CAR,EDM,2023-11-22,09:53:02,2023-11-22,CAR,-105
PIT,NYR,2023-11-22,09:53:02,2023-11-22,NYR,120
PIT,NYR,2023-11-22,09:53:02,2023-11-22,draw,360
PIT,NYR,2023-11-22,09:53:02,2023-11-22,PIT,160
TBL,WPG,2023-11-22,09:53:02,2023-11-22,WPG,155
TBL,WPG,2023-11-22,09:53:02,2023-11-22,draw,370
TBL,WPG,2023-11-22,09:53:02,2023-11-22,TBL,120
CBJ,CHI,2023-11-22,09:53:02,2023-11-22,CHI,200
CBJ,CHI,2023-11-22,09:53:02,2023-11-22,draw,360
CBJ,CHI,2023-11-22,09:53:02,2023-11-22,CBJ,-105
WSH,BUF,2023-11-22,09:53:02,2023-11-22,BUF,175
WSH,BUF,2023-11-22,09:53:02,2023-11-22,draw,350
WSH,BUF,2023-11-22,09:53:02,2023-11-22,WSH,110
NYI,PHI,2023-11-22,09:53:02,2023-11-22,PHI,200
NYI,PHI,2023-11-22,09:53:02,2023-11-22,draw,350
NYI,PHI,2023-11-22,09:53:02,2023-11-22,NYI,-105
ARI,STL,2023-11-22,09:53:02,2023-11-22,STL,170
ARI,STL,2023-11-22,09:53:02,2023-11-22,draw,350
ARI,STL,2023-11-22,09:53:02,2023-11-22,ARI,115
NSH,CGY,2023-11-22,09:53:02,2023-11-22,CGY,135
NSH,CGY,2023-11-22,09:53:02,2023-11-22,draw,330
NSH,CGY,2023-11-22,09:53:02,2023-11-22,NSH,140
DAL,VGK,2023-11-22,09:53:02,2023-11-22,VGK,180
DAL,VGK,2023-11-22,09:53:02,2023-11-22,draw,360
DAL,VGK,2023-11-22,09:53:02,2023-11-22,DAL,105
COL,VAN,2023-11-22,09:53:02,2023-11-22,VAN,235
COL,VAN,2023-11-22,09:53:02,2023-11-22,draw,380
COL,VAN,2023-11-22,09:53:02,2023-11-22,COL,-125
SEA,SJS,2023-11-22,09:53:02,2023-11-22,SJS,340
SEA,SJS,2023-11-22,09:53:02,2023-11-22,draw,400
SEA,SJS,2023-11-22,09:53:02,2023-11-22,SEA,-180
ANA,MTL,2023-11-22,09:53:02,2023-11-22,MTL,180
ANA,MTL,2023-11-22,09:53:02,2023-11-22,draw,360
ANA,MTL,2023-11-22,09:53:02,2023-11-22,ANA,105
