team,date_recorded,time_recorded,date_game,time_game,odds
NSH,2023-10-10,09:51:28,2023-10-10,16:30:00,130
TBL,2023-10-10,09:51:28,2023-10-10,16:30:00,-155
CHI,2023-10-10,09:51:28,2023-10-10,19:00:00,200
PIT,2023-10-10,09:51:28,2023-10-10,19:00:00,-245
SEA,2023-10-10,09:51:28,2023-10-10,21:30:00,142
VGK,2023-10-10,09:51:28,2023-10-10,21:30:00,-170
MTL,2023-10-11,11:22:53,2023-10-11,18:00:00,230
TOR,2023-10-11,11:22:53,2023-10-11,18:00:00,-285
OTT,2023-10-11,11:22:53,2023-10-11,18:00:00,164
CAR,2023-10-11,11:22:53,2023-10-11,18:00:00,-198
CHI,2023-10-11,11:22:53,2023-10-11,18:30:00,250
BOS,2023-10-11,11:22:53,2023-10-11,18:30:00,-310
EDM,2023-10-11,11:22:53,2023-10-11,21:00:00,-162
VAN,2023-10-11,11:22:53,2023-10-11,21:00:00,136
COL,2023-10-11,11:22:53,2023-10-11,21:00:00,-115
LAK,2023-10-11,11:22:53,2023-10-11,21:00:00,-105
WPG,2023-10-11,11:22:53,2023-10-11,21:00:00,114
CGY,2023-10-11,11:22:53,2023-10-11,21:00:00,-135
DET,2023-10-12,11:01:43,2023-10-12,18:00:00,205
NJD,2023-10-12,11:01:43,2023-10-12,18:00:00,-250
PHI,2023-10-12,11:01:43,2023-10-12,18:00:00,110
CBJ,2023-10-12,11:01:43,2023-10-12,18:00:00,-120
NYR,2023-10-12,11:01:43,2023-10-12,18:05:00,-135
BUF,2023-10-12,11:01:43,2023-10-12,18:05:00,114
STL,2023-10-12,11:01:43,2023-10-12,19:00:00,170
DAL,2023-10-12,11:01:43,2023-10-12,19:00:00,-205
SEA,2023-10-12,11:01:43,2023-10-12,19:00:00,-110
NSH,2023-10-12,11:01:43,2023-10-12,19:00:00,-110
FLA,2023-10-12,11:01:43,2023-10-12,19:00:00,110
MIN,2023-10-12,11:01:43,2023-10-12,19:00:00,-130
VGK,2023-10-12,11:01:43,2023-10-12,21:30:00,-245
SJS,2023-10-12,11:01:43,2023-10-12,21:30:00,200
ARI,2023-10-13,13:14:32,2023-10-13,18:00:00,200
NJD,2023-10-13,13:14:32,2023-10-13,18:00:00,-245
PIT,2023-10-13,13:14:32,2023-10-13,18:00:00,-120
WSH,2023-10-13,13:14:32,2023-10-13,18:00:00,100
FLA,2023-10-14,14:52:21,2023-10-14,15:08:00,114
WPG,2023-10-14,14:52:21,2023-10-14,15:08:00,-135
NSH,2023-10-14,14:52:21,2023-10-14,18:08:00,154
BOS,2023-10-14,14:52:21,2023-10-14,18:08:00,-185
CHI,2023-10-14,14:52:21,2023-10-14,18:08:00,124
MTL,2023-10-14,14:52:21,2023-10-14,18:08:00,-148
MIN,2023-10-14,14:52:21,2023-10-14,18:08:00,140
TOR,2023-10-14,14:52:21,2023-10-14,18:08:00,-166
TBL,2023-10-14,14:52:21,2023-10-14,18:08:00,-125
DET,2023-10-14,14:52:21,2023-10-14,18:08:00,105
NYR,2023-10-14,14:52:21,2023-10-14,18:08:00,-230
CBJ,2023-10-14,14:52:21,2023-10-14,18:08:00,190
CGY,2023-10-14,14:52:21,2023-10-14,18:08:00,-110
PIT,2023-10-14,14:52:21,2023-10-14,18:08:00,-110
BUF,2023-10-14,14:52:21,2023-10-14,18:38:00,120
NYI,2023-10-14,14:52:21,2023-10-14,18:38:00,-142
SEA,2023-10-14,14:52:21,2023-10-14,19:08:00,-115
STL,2023-10-14,14:52:21,2023-10-14,19:08:00,-105
COL,2023-10-14,14:52:21,2023-10-14,21:08:00,-285
SJS,2023-10-14,14:52:21,2023-10-14,21:08:00,230
ANA,2023-10-14,14:52:21,2023-10-14,21:08:00,260
VGK,2023-10-14,14:52:21,2023-10-14,21:08:00,-325
VAN,2023-10-14,14:52:21,2023-10-14,21:08:00,185
EDM,2023-10-14,14:52:21,2023-10-14,21:08:00,-225
CAR,2023-10-14,14:52:21,2023-10-14,21:38:00,-130
LAK,2023-10-14,14:52:21,2023-10-14,21:38:00,110
TBL,2023-10-15,11:00:28,2023-10-15,18:08:00,100
OTT,2023-10-15,11:00:28,2023-10-15,18:08:00,-120
CAR,2023-10-15,11:00:28,2023-10-15,19:38:00,-298
ANA,2023-10-15,11:00:28,2023-10-15,19:38:00,240
CHI,2023-10-16,11:11:05,2023-10-16,18:08:00,275
TOR,2023-10-16,11:11:05,2023-10-16,18:08:00,-345
ARI,2023-10-16,11:11:05,2023-10-16,18:08:00,190
NYR,2023-10-16,11:11:05,2023-10-16,18:08:00,-230
FLA,2023-10-16,11:11:05,2023-10-16,18:08:00,150
NJD,2023-10-16,11:11:05,2023-10-16,18:08:00,-180
DET,2023-10-16,11:11:05,2023-10-16,18:08:00,-135
CBJ,2023-10-16,11:11:05,2023-10-16,18:08:00,114
CGY,2023-10-16,11:11:05,2023-10-16,18:08:00,-130
WSH,2023-10-16,11:11:05,2023-10-16,18:08:00,110
VAN,2023-10-17,11:22:02,2023-10-17,17:00:00,-135
PHI,2023-10-17,11:22:02,2023-10-17,17:00:00,114
MIN,2023-10-17,11:22:02,2023-10-17,18:00:00,-148
MTL,2023-10-17,11:22:02,2023-10-17,18:00:00,124
TBL,2023-10-17,11:22:02,2023-10-17,18:30:00,-102
BUF,2023-10-17,11:22:02,2023-10-17,18:30:00,-118
ARI,2023-10-17,11:22:02,2023-10-17,18:30:00,160
NYI,2023-10-17,11:22:02,2023-10-17,18:30:00,-185
EDM,2023-10-17,11:22:02,2023-10-17,19:00:00,-148
NSH,2023-10-17,11:22:02,2023-10-17,19:00:00,124
LAK,2023-10-17,11:22:02,2023-10-17,19:00:00,105
WPG,2023-10-17,11:22:02,2023-10-17,19:00:00,-125
COL,2023-10-17,11:22:02,2023-10-17,21:00:00,-148
SEA,2023-10-17,11:22:02,2023-10-17,21:00:00,124
CAR,2023-10-17,11:22:02,2023-10-17,21:30:00,-310
SJS,2023-10-17,11:22:02,2023-10-17,21:30:00,250
DAL,2023-10-17,11:22:02,2023-10-17,21:30:00,-108
VGK,2023-10-17,11:22:02,2023-10-17,21:30:00,-112
WSH,2023-10-18,17:07:14,2023-10-18,18:07:00,145
OTT,2023-10-18,17:07:14,2023-10-18,18:07:00,-175
PIT,2023-10-18,17:07:14,2023-10-18,18:37:00,-125
DET,2023-10-18,17:07:14,2023-10-18,18:37:00,105
NSH,2023-10-19,10:04:26,2023-10-19,18:07:00,164
NYR,2023-10-19,10:04:26,2023-10-19,18:07:00,-198
TOR,2023-10-19,10:04:26,2023-10-19,18:07:00,-130
FLA,2023-10-19,10:04:26,2023-10-19,18:07:00,110
VAN,2023-10-19,10:04:26,2023-10-19,18:07:00,114
TBL,2023-10-19,10:04:26,2023-10-19,18:07:00,-135
CGY,2023-10-19,10:04:26,2023-10-19,18:07:00,-120
BUF,2023-10-19,10:04:26,2023-10-19,18:07:00,100
EDM,2023-10-19,10:04:26,2023-10-19,18:37:00,-218
PHI,2023-10-19,10:04:26,2023-10-19,18:37:00,180
VGK,2023-10-19,10:04:26,2023-10-19,19:07:00,-115
WPG,2023-10-19,10:04:26,2023-10-19,19:07:00,-105
ARI,2023-10-19,10:04:26,2023-10-19,19:07:00,-102
STL,2023-10-19,10:04:26,2023-10-19,19:07:00,-118
LAK,2023-10-19,10:04:26,2023-10-19,19:07:00,-105
MIN,2023-10-19,10:04:26,2023-10-19,19:07:00,-115
DAL,2023-10-19,10:04:26,2023-10-19,21:07:00,-258
ANA,2023-10-19,10:04:26,2023-10-19,21:07:00,210
CAR,2023-10-19,10:04:26,2023-10-19,21:07:00,-148
SEA,2023-10-19,10:04:26,2023-10-19,21:07:00,124
CHI,2023-10-19,10:04:26,2023-10-19,21:37:00,275
COL,2023-10-19,10:04:26,2023-10-19,21:37:00,-345
BOS,2023-10-19,10:04:26,2023-10-19,21:37:00,-278
SJS,2023-10-19,10:04:26,2023-10-19,21:37:00,225
CGY,2023-10-20,09:51:36,2023-10-20,18:07:00,-142
CBJ,2023-10-20,09:51:36,2023-10-20,18:07:00,120
NJD,2023-10-20,09:51:36,2023-10-20,18:37:00,-120
NYI,2023-10-20,09:51:36,2023-10-20,18:37:00,100
DET,2023-10-21,10:08:00,2023-10-21,12:00:00,130
OTT,2023-10-21,10:08:00,2023-10-21,12:00:00,-155
ANA,2023-10-21,10:08:00,2023-10-21,15:00:00,150
ARI,2023-10-21,10:08:00,2023-10-21,15:00:00,-180
VAN,2023-10-21,10:08:00,2023-10-21,18:00:00,114
FLA,2023-10-21,10:08:00,2023-10-21,18:00:00,-135
TOR,2023-10-21,10:08:00,2023-10-21,18:00:00,-135
TBL,2023-10-21,10:08:00,2023-10-21,18:00:00,114
NYI,2023-10-21,10:08:00,2023-10-21,18:00:00,105
BUF,2023-10-21,10:08:00,2023-10-21,18:00:00,-125
WAS,2023-10-21,10:08:00,2023-10-21,18:00:00,-125
MTL,2023-10-21,10:08:00,2023-10-21,18:00:00,105
VGK,2023-10-21,10:08:00,2023-10-21,19:00:00,-230
CHI,2023-10-21,10:08:00,2023-10-21,19:00:00,190
SJS,2023-10-21,10:08:00,2023-10-21,19:00:00,200
NSH,2023-10-21,10:08:00,2023-10-21,19:00:00,-245
PHI,2023-10-21,10:08:00,2023-10-21,19:00:00,210
DAL,2023-10-21,10:08:00,2023-10-21,19:00:00,-258
CBJ,2023-10-21,10:08:00,2023-10-21,19:00:00,180
MIN,2023-10-21,10:08:00,2023-10-21,19:00:00,-218
PIT,2023-10-21,10:08:00,2023-10-21,19:00:00,-155
STL,2023-10-21,10:08:00,2023-10-21,19:00:00,130
CAR,2023-10-21,10:08:00,2023-10-21,20:00:00,114
COL,2023-10-21,10:08:00,2023-10-21,20:00:00,-135
WPG,2023-10-21,10:08:00,2023-10-21,21:00:00,142
EDM,2023-10-21,10:08:00,2023-10-21,21:00:00,-170
NYR,2023-10-21,10:08:00,2023-10-21,21:00:00,-130
SEA,2023-10-21,10:08:00,2023-10-21,21:00:00,110
BOS,2023-10-21,10:08:00,2023-10-21,21:30:00,-108
LAK,2023-10-21,10:08:00,2023-10-21,21:30:00,112
CGY,2023-10-22,10:49:23,2023-10-22,16:07:00,-142
DET,2023-10-22,10:49:23,2023-10-22,16:07:00,120
BOS,2023-10-22,10:49:23,2023-10-22,19:37:00,-245
ANA,2023-10-22,10:49:23,2023-10-22,19:37:00,200
MTL,2023-10-23,10:43:10,2023-10-23,18:07:00,154
BUF,2023-10-23,10:43:10,2023-10-23,18:07:00,-185
TOR,2023-10-24,10:02:37,2023-10-24,17:00:00,-170
WSH,2023-10-24,10:02:37,2023-10-24,17:00:00,142
ANA,2023-10-24,10:02:37,2023-10-24,17:30:00,124
CBJ,2023-10-24,10:02:37,2023-10-24,17:30:00,-148
BUF,2023-10-24,10:02:37,2023-10-24,17:45:00,142
OTT,2023-10-24,10:02:37,2023-10-24,17:45:00,-170
CAR,2023-10-24,10:02:37,2023-10-24,18:00:00,-125
TBL,2023-10-24,10:02:37,2023-10-24,18:00:00,105
NJD,2023-10-24,10:02:37,2023-10-24,18:15:00,-230
MTL,2023-10-24,10:02:37,2023-10-24,18:15:00,190
DAL,2023-10-24,10:02:37,2023-10-24,18:30:00,-125
PIT,2023-10-24,10:02:37,2023-10-24,18:30:00,105
SJS,2023-10-24,10:02:37,2023-10-24,18:45:00,225
FLA,2023-10-24,10:02:37,2023-10-24,18:45:00,-278
COL,2023-10-24,10:02:37,2023-10-24,19:00:00,-142
NYI,2023-10-24,10:02:37,2023-10-24,19:00:00,120
SEA,2023-10-24,10:02:37,2023-10-24,19:15:00,110
DET,2023-10-24,10:02:37,2023-10-24,19:15:00,-130
BOS,2023-10-24,10:02:37,2023-10-24,19:30:00,-225
CHI,2023-10-24,10:02:37,2023-10-24,19:30:00,185
STL,2023-10-24,10:02:37,2023-10-24,19:45:00,150
WPG,2023-10-24,10:02:37,2023-10-24,19:45:00,-180
EDM,2023-10-24,10:02:37,2023-10-24,20:00:00,100
MIN,2023-10-24,10:02:37,2023-10-24,20:00:00,-120
VAN,2023-10-24,10:02:37,2023-10-24,20:15:00,100
NSH,2023-10-24,10:02:37,2023-10-24,20:15:00,-120
NYR,2023-10-24,10:02:37,2023-10-24,20:15:00,-125
CGY,2023-10-24,10:02:37,2023-10-24,20:15:00,105
ARI,2023-10-24,10:02:37,2023-10-24,21:30:00,170
LAK,2023-10-24,10:02:37,2023-10-24,21:30:00,-205
PHI,2023-10-24,10:02:37,2023-10-24,22:00:00,180
VGK,2023-10-24,10:02:37,2023-10-24,22:00:00,-218
WSH,2023-10-25,10:41:19,2023-10-25,18:37:00,195
NJD,2023-10-25,10:41:19,2023-10-25,18:37:00,-238
ANA,2023-10-26,10:03:15,2023-10-26,18:07:00,260
BOS,2023-10-26,10:03:15,2023-10-26,18:07:00,-325
SJS,2023-10-26,10:03:15,2023-10-26,18:07:00,245
TBL,2023-10-26,10:03:15,2023-10-26,18:07:00,-305
COL,2023-10-26,10:03:15,2023-10-26,18:07:00,-142
PIT,2023-10-26,10:03:15,2023-10-26,18:07:00,120
WPG,2023-10-26,10:03:15,2023-10-26,18:07:00,-122
DET,2023-10-26,10:03:15,2023-10-26,18:07:00,102
SEA,2023-10-26,10:03:15,2023-10-26,18:07:00,164
CAR,2023-10-26,10:03:15,2023-10-26,18:07:00,-198
CBJ,2023-10-26,10:03:15,2023-10-26,18:07:00,-102
MTL,2023-10-26,10:03:15,2023-10-26,18:07:00,-118
MIN,2023-10-26,10:03:15,2023-10-26,18:37:00,-125
PHI,2023-10-26,10:03:15,2023-10-26,18:37:00,105
OTT,2023-10-26,10:03:15,2023-10-26,18:37:00,110
NYI,2023-10-26,10:03:15,2023-10-26,18:37:00,-130
TOR,2023-10-26,10:03:15,2023-10-26,19:07:00,102
DAL,2023-10-26,10:03:15,2023-10-26,19:07:00,-122
NYR,2023-10-26,10:03:15,2023-10-26,20:07:00,-130
EDM,2023-10-26,10:03:15,2023-10-26,20:07:00,110
STL,2023-10-26,10:03:15,2023-10-26,20:07:00,154
CGY,2023-10-26,10:03:15,2023-10-26,20:07:00,-185
CHI,2023-10-27,07:38:41,2023-10-27,17:00:00,260
VGK,2023-10-27,07:38:41,2023-10-27,17:00:00,-325
SJS,2023-10-27,07:38:41,2023-10-27,18:00:00,285
CAR,2023-10-27,07:38:41,2023-10-27,18:00:00,-360
BUF,2023-10-27,07:38:41,2023-10-27,18:00:00,160
NJD,2023-10-27,07:38:41,2023-10-27,18:00:00,-192
MIN,2023-10-27,07:38:41,2023-10-27,18:00:00,-105
WSH,2023-10-27,07:38:41,2023-10-27,18:00:00,-115
LAK,2023-10-27,07:38:41,2023-10-27,21:00:00,-135
ARI,2023-10-27,07:38:41,2023-10-27,21:00:00,114
STL,2023-10-27,07:38:41,2023-10-27,21:00:00,150
VAN,2023-10-27,07:38:41,2023-10-27,21:00:00,-180
ANA,2023-10-28,09:41:30,2023-10-28,12:00:00,150
PHI,2023-10-28,09:41:30,2023-10-28,12:00:00,-180
SEA,2023-10-28,09:41:30,2023-10-28,17:00:00,124
FLA,2023-10-28,09:41:30,2023-10-28,17:00:00,-148
DET,2023-10-28,09:41:30,2023-10-28,18:00:00,160
BOS,2023-10-28,09:41:30,2023-10-28,18:00:00,-192
TOR,2023-10-28,09:41:30,2023-10-28,18:00:00,-142
NSH,2023-10-28,09:41:30,2023-10-28,18:00:00,120
OTT,2023-10-28,09:41:30,2023-10-28,18:00:00,130
PIT,2023-10-28,09:41:30,2023-10-28,18:00:00,-155
WPG,2023-10-28,09:41:30,2023-10-28,18:00:00,-155
MTL,2023-10-28,09:41:30,2023-10-28,18:00:00,130
NYI,2023-10-28,09:41:30,2023-10-28,18:00:00,-155
CBJ,2023-10-28,09:41:30,2023-10-28,18:00:00,130
NYR,2023-10-28,09:41:30,2023-10-28,21:00:00,-162
VAN,2023-10-28,09:41:30,2023-10-28,21:00:00,136
VGK,2023-10-28,09:41:30,2023-10-28,21:30:00,-110
LAK,2023-10-28,09:41:30,2023-10-28,21:30:00,-110
COL,2023-10-29,08:37:11,2023-10-29,12:08:00,-166
BUF,2023-10-29,08:37:11,2023-10-29,12:08:00,140
SJS,2023-10-29,08:37:11,2023-10-29,16:08:00,185
WSH,2023-10-29,08:37:11,2023-10-29,16:08:00,-225
MIN,2023-10-29,08:37:11,2023-10-29,16:08:00,142
NJD,2023-10-29,08:37:11,2023-10-29,16:08:00,-170
CGY,2023-10-29,08:37:11,2023-10-29,18:08:00,136
EDM,2023-10-29,08:37:11,2023-10-29,18:08:00,-162
FLA,2023-10-30,11:52:21,2023-10-30,18:08:00,140
BOS,2023-10-30,11:52:21,2023-10-30,18:08:00,-166
ANA,2023-10-30,11:52:21,2023-10-30,18:08:00,200
PIT,2023-10-30,11:52:21,2023-10-30,18:08:00,-245
CAR,2023-10-30,11:52:21,2023-10-30,18:08:00,-192
PHI,2023-10-30,11:52:21,2023-10-30,18:08:00,160
SEA,2023-10-30,11:52:21,2023-10-30,18:08:00,124
TBL,2023-10-30,11:52:21,2023-10-30,18:08:00,-148
NYR,2023-10-30,11:52:21,2023-10-30,18:38:00,-122
WPG,2023-10-30,11:52:21,2023-10-30,18:38:00,102
DET,2023-10-30,11:52:21,2023-10-30,18:38:00,136
NYI,2023-10-30,11:52:21,2023-10-30,18:38:00,-162
CBJ,2023-10-30,11:52:21,2023-10-30,19:08:00,230
DAL,2023-10-30,11:52:21,2023-10-30,19:08:00,-285
MTL,2023-10-30,11:52:21,2023-10-30,21:08:00,200
VGK,2023-10-30,11:52:21,2023-10-30,21:08:00,-245
CHI,2023-10-30,11:52:21,2023-10-30,21:08:00,160
ARI,2023-10-30,11:52:21,2023-10-30,21:08:00,-192
LAK,2023-10-31,10:00:26,2023-10-31,19:07:00,124
TOR,2023-10-31,10:00:26,2023-10-31,19:07:00,-148
NSH,2023-10-31,10:00:26,2023-10-31,21:07:00,114
VAN,2023-10-31,10:00:26,2023-10-31,21:07:00,-135
BUF,2023-11-01,11:15:50,2023-11-01,18:07:00,-115
PHI,2023-11-01,11:15:50,2023-11-01,18:07:00,-105
DAL,2023-11-01,11:15:50,2023-11-01,19:37:00,-135
CGY,2023-11-01,11:15:50,2023-11-01,19:37:00,114
STL,2023-11-01,11:15:50,2023-11-01,20:37:00,185
COL,2023-11-01,11:15:50,2023-11-01,20:37:00,-225
ARI,2023-11-01,11:15:50,2023-11-01,21:07:00,-125
ANA,2023-11-01,11:15:50,2023-11-01,21:07:00,105
TBL,2023-11-02,10:01:55,2023-11-02,18:07:00,-162
CBJ,2023-11-02,10:01:55,2023-11-02,18:07:00,136
CAR,2023-11-02,10:01:55,2023-11-02,18:07:00,-102
NYR,2023-11-02,10:01:55,2023-11-02,18:07:00,-118
FLA,2023-11-02,10:01:55,2023-11-02,18:07:00,-118
DET,2023-11-02,10:01:55,2023-11-02,18:07:00,-102
LAK,2023-11-02,10:01:55,2023-11-02,18:07:00,-112
OTT,2023-11-02,10:01:55,2023-11-02,18:07:00,-108
NYI,2023-11-02,10:01:55,2023-11-02,18:07:00,-130
WSH,2023-11-02,10:01:55,2023-11-02,18:07:00,110
TOR,2023-11-02,10:01:55,2023-11-02,18:37:00,-108
BOS,2023-11-02,10:01:55,2023-11-02,18:37:00,-112
NJD,2023-11-02,10:01:55,2023-11-02,19:07:00,-118
MIN,2023-11-02,10:01:55,2023-11-02,19:07:00,-102
DAL,2023-11-02,10:01:55,2023-11-02,20:07:00,120
EDM,2023-11-02,10:01:55,2023-11-02,20:07:00,-142
WPG,2023-11-02,10:01:55,2023-11-02,21:07:00,124
VGK,2023-11-02,10:01:55,2023-11-02,21:07:00,-148
NSH,2023-11-02,10:01:55,2023-11-02,21:07:00,100
SEA,2023-11-02,10:01:55,2023-11-02,21:07:00,-120
MTL,2023-11-02,10:01:55,2023-11-02,21:07:00,110
ARI,2023-11-02,10:01:55,2023-11-02,21:07:00,-130
VAN,2023-11-02,10:01:55,2023-11-02,21:37:00,-225
SJS,2023-11-02,10:01:55,2023-11-02,21:37:00,185
PHI,2023-11-03,11:10:20,2023-11-03,18:07:00,145
BUF,2023-11-03,11:10:20,2023-11-03,18:07:00,-175
NJD,2023-11-03,11:10:20,2023-11-03,19:07:00,-155
STL,2023-11-03,11:10:20,2023-11-03,19:07:00,130
NSH,2023-11-04,10:13:02,2023-11-04,14:08:00,160
EDM,2023-11-04,10:13:02,2023-11-04,14:08:00,-192
WPG,2023-11-04,10:13:02,2023-11-04,15:08:00,-130
ARI,2023-11-04,10:13:02,2023-11-04,15:08:00,110
BOS,2023-11-04,10:13:02,2023-11-04,18:08:00,-142
DET,2023-11-04,10:13:02,2023-11-04,18:08:00,120
BUF,2023-11-04,10:13:02,2023-11-04,18:08:00,180
TOR,2023-11-04,10:13:02,2023-11-04,18:08:00,-225
TBL,2023-11-04,10:13:02,2023-11-04,18:08:00,100
OTT,2023-11-04,10:13:02,2023-11-04,18:08:00,-120
MTL,2023-11-04,10:13:02,2023-11-04,18:08:00,100
STL,2023-11-04,10:13:02,2023-11-04,18:08:00,-120
CBJ,2023-11-04,10:13:02,2023-11-04,18:08:00,124
WSH,2023-11-04,10:13:02,2023-11-04,18:08:00,-148
LAK,2023-11-04,10:13:02,2023-11-04,18:38:00,-185
PHI,2023-11-04,10:13:02,2023-11-04,18:38:00,154
CAR,2023-11-04,10:13:02,2023-11-04,18:38:00,-130
NYI,2023-11-04,10:13:02,2023-11-04,18:38:00,110
FLA,2023-11-04,10:13:02,2023-11-04,19:08:00,-205
CHI,2023-11-04,10:13:02,2023-11-04,19:08:00,170
NYR,2023-11-04,10:13:02,2023-11-04,19:08:00,-105
MIN,2023-11-04,10:13:02,2023-11-04,19:08:00,-115
PIT,2023-11-04,10:13:02,2023-11-04,21:08:00,-258
SJS,2023-11-04,10:13:02,2023-11-04,21:08:00,210
COL,2023-11-04,10:13:02,2023-11-04,21:08:00,-115
VGK,2023-11-04,10:13:02,2023-11-04,21:08:00,-105
DAL,2023-11-04,10:13:02,2023-11-04,21:08:00,-125
VAN,2023-11-04,10:13:02,2023-11-04,21:08:00,105
CGY,2023-11-04,10:13:02,2023-11-04,21:08:00,-105
SEA,2023-11-04,10:13:02,2023-11-04,21:08:00,-115
NJD,2023-11-05,09:13:46,2023-11-05,17:00:00,-218
CHI,2023-11-05,09:13:46,2023-11-05,17:00:00,180
VGK,2023-11-05,09:13:46,2023-11-05,18:00:00,-185
ANA,2023-11-05,09:13:46,2023-11-05,18:00:00,154
CBJ,2023-11-06,11:13:31,2023-11-06,18:00:00,190
FLA,2023-11-06,11:13:31,2023-11-06,18:00:00,-230
TBL,2023-11-06,11:13:31,2023-11-06,18:00:00,130
TOR,2023-11-06,11:13:31,2023-11-06,18:00:00,-155
BOS,2023-11-06,11:13:31,2023-11-06,19:00:00,114
DAL,2023-11-06,11:13:31,2023-11-06,19:00:00,-135
EDM,2023-11-06,11:13:31,2023-11-06,21:00:00,-112
VAN,2023-11-06,11:13:31,2023-11-06,21:00:00,-108
BUF,2023-11-07,10:05:00,2023-11-07,18:08:00,180
CAR,2023-11-07,10:05:00,2023-11-07,18:08:00,-218
TBL,2023-11-07,10:05:00,2023-11-07,18:08:00,-142
MTL,2023-11-07,10:05:00,2023-11-07,18:08:00,120
DET,2023-11-07,10:05:00,2023-11-07,18:38:00,130
NYR,2023-11-07,10:05:00,2023-11-07,18:38:00,-155
MIN,2023-11-07,10:05:00,2023-11-07,18:38:00,105
NYI,2023-11-07,10:05:00,2023-11-07,18:38:00,-125
WPG,2023-11-07,10:05:00,2023-11-07,19:08:00,-142
STL,2023-11-07,10:05:00,2023-11-07,19:08:00,120
NSH,2023-11-07,10:05:00,2023-11-07,20:08:00,110
CGY,2023-11-07,10:05:00,2023-11-07,20:08:00,-130
SEA,2023-11-07,10:05:00,2023-11-07,20:08:00,-110
ARI,2023-11-07,10:05:00,2023-11-07,20:08:00,-110
PIT,2023-11-07,10:05:00,2023-11-07,21:08:00,-192
ANA,2023-11-07,10:05:00,2023-11-07,21:08:00,160
NJD,2023-11-07,10:05:00,2023-11-07,21:08:00,150
COL,2023-11-07,10:05:00,2023-11-07,21:08:00,-180
PHI,2023-11-07,10:05:00,2023-11-07,21:38:00,-192
SJS,2023-11-07,10:05:00,2023-11-07,21:38:00,160
OTT,2023-11-08,11:45:21,2023-11-08,18:08:00,140
TOR,2023-11-08,11:45:21,2023-11-08,18:08:00,-166
FLA,2023-11-08,11:45:21,2023-11-08,18:38:00,-142
WSH,2023-11-08,11:45:21,2023-11-08,18:38:00,120
LAK,2023-11-08,11:45:21,2023-11-08,21:08:00,110
VGK,2023-11-08,11:45:21,2023-11-08,21:08:00,-130
NYI,2023-11-09,10:00:49,2023-11-09,18:07:00,124
BOS,2023-11-09,10:00:49,2023-11-09,18:07:00,-148
CHI,2023-11-09,10:00:49,2023-11-09,18:07:00,210
TBL,2023-11-09,10:00:49,2023-11-09,18:07:00,-258
MIN,2023-11-09,10:00:49,2023-11-09,18:07:00,100
NYR,2023-11-09,10:00:49,2023-11-09,18:07:00,-120
VAN,2023-11-09,10:00:49,2023-11-09,18:07:00,-125
OTT,2023-11-09,10:00:49,2023-11-09,18:07:00,105
MTL,2023-11-09,10:00:49,2023-11-09,18:07:00,142
DET,2023-11-09,10:00:49,2023-11-09,18:07:00,-170
DAL,2023-11-09,10:00:49,2023-11-09,18:37:00,-218
CBJ,2023-11-09,10:00:49,2023-11-09,18:37:00,185
NSH,2023-11-09,10:00:49,2023-11-09,19:07:00,105
WPG,2023-11-09,10:00:49,2023-11-09,19:07:00,-125
ARI,2023-11-09,10:00:49,2023-11-09,19:07:00,-105
STL,2023-11-09,10:00:49,2023-11-09,19:07:00,-115
SEA,2023-11-09,10:00:49,2023-11-09,20:07:00,190
COL,2023-11-09,10:00:49,2023-11-09,20:07:00,-230
PIT,2023-11-09,10:00:49,2023-11-09,21:37:00,105
LAK,2023-11-09,10:00:49,2023-11-09,21:37:00,-125
EDM,2023-11-09,10:00:49,2023-11-09,21:37:00,-360
SJS,2023-11-09,10:00:49,2023-11-09,21:37:00,285
CGY,2023-11-10,10:38:36,2023-11-10,18:07:00,130
TOR,2023-11-10,10:38:36,2023-11-10,18:07:00,-155
WSH,2023-11-10,10:38:36,2023-11-10,18:07:00,154
NJD,2023-11-10,10:38:36,2023-11-10,18:07:00,-185
MIN,2023-11-10,10:38:36,2023-11-10,18:07:00,-102
BUF,2023-11-10,10:38:36,2023-11-10,18:07:00,-118
CAR,2023-11-10,10:38:36,2023-11-10,18:07:00,-135
FLA,2023-11-10,10:38:36,2023-11-10,18:07:00,114
SJS,2023-11-10,10:38:36,2023-11-10,21:07:00,410
VGK,2023-11-10,10:38:36,2023-11-10,21:07:00,-550
PHI,2023-11-10,10:38:36,2023-11-10,21:07:00,-122
ANA,2023-11-10,10:38:36,2023-11-10,21:07:00,102
CBJ,2023-11-11,10:11:49,2023-11-11,12:00:00,130
DET,2023-11-11,10:11:49,2023-11-11,12:00:00,-155
DAL,2023-11-11,10:11:49,2023-11-11,14:00:00,-120
WPG,2023-11-11,10:11:49,2023-11-11,14:00:00,100
VAN,2023-11-11,10:11:49,2023-11-11,18:00:00,105
TOR,2023-11-11,10:11:49,2023-11-11,18:00:00,-125
BOS,2023-11-11,10:11:49,2023-11-11,18:00:00,-218
MTL,2023-11-11,10:11:49,2023-11-11,18:00:00,180
CGY,2023-11-11,10:11:49,2023-11-11,18:00:00,120
OTT,2023-11-11,10:11:49,2023-11-11,18:00:00,-142
CAR,2023-11-11,10:11:49,2023-11-11,18:00:00,-115
TBL,2023-11-11,10:11:49,2023-11-11,18:00:00,-105
BUF,2023-11-11,10:11:49,2023-11-11,18:30:00,140
PIT,2023-11-11,10:11:49,2023-11-11,18:30:00,-166
WSH,2023-11-11,10:11:49,2023-11-11,18:30:00,154
NYI,2023-11-11,10:11:49,2023-11-11,18:30:00,-185
ARI,2023-11-11,10:11:49,2023-11-11,19:00:00,130
NSH,2023-11-11,10:11:49,2023-11-11,19:00:00,-155
STL,2023-11-11,10:11:49,2023-11-11,20:00:00,205
COL,2023-11-11,10:11:49,2023-11-11,20:00:00,-250
EDM,2023-11-11,10:11:49,2023-11-11,21:00:00,-118
SEA,2023-11-11,10:11:49,2023-11-11,21:00:00,-102
PHI,2023-11-11,10:11:49,2023-11-11,21:30:00,195
LAK,2023-11-11,10:11:49,2023-11-11,21:30:00,-238
CHI,2023-11-12,10:46:33,2023-11-12,12:00:00,240
FLA,2023-11-12,10:46:33,2023-11-12,12:00:00,-298
DAL,2023-11-12,10:46:33,2023-11-12,17:00:00,-115
MIN,2023-11-12,10:46:33,2023-11-12,17:00:00,-105
CBJ,2023-11-12,10:46:33,2023-11-12,18:00:00,195
NYR,2023-11-12,10:46:33,2023-11-12,18:00:00,-238
VAN,2023-11-12,10:46:33,2023-11-12,18:00:00,-180
MTL,2023-11-12,10:46:33,2023-11-12,18:00:00,150
SJS,2023-11-12,10:46:33,2023-11-12,19:00:00,164
ANA,2023-11-12,10:46:33,2023-11-12,19:00:00,-198
NYI,2023-11-13,11:32:12,2023-11-13,19:38:00,145
EDM,2023-11-13,11:32:12,2023-11-13,19:38:00,-175
COL,2023-11-13,11:32:12,2023-11-13,21:08:00,-148
SEA,2023-11-13,11:32:12,2023-11-13,21:08:00,124
BOS,2023-11-14,10:02:29,2023-11-14,18:08:00,-155
BUF,2023-11-14,10:02:29,2023-11-14,18:08:00,130
VGK,2023-11-14,10:02:29,2023-11-14,18:08:00,-155
WSH,2023-11-14,10:02:29,2023-11-14,18:08:00,130
PIT,2023-11-14,10:02:29,2023-11-14,18:08:00,-185
CBJ,2023-11-14,10:02:29,2023-11-14,18:08:00,154
CGY,2023-11-14,10:02:29,2023-11-14,18:08:00,-148
MTL,2023-11-14,10:02:29,2023-11-14,18:08:00,124
ANA,2023-11-14,10:02:29,2023-11-14,19:08:00,150
NSH,2023-11-14,10:02:29,2023-11-14,19:08:00,-180
ARI,2023-11-14,10:02:29,2023-11-14,19:08:00,185
DAL,2023-11-14,10:02:29,2023-11-14,19:08:00,-225
TBL,2023-11-14,10:02:29,2023-11-14,19:08:00,-130
STL,2023-11-14,10:02:29,2023-11-14,19:08:00,110
NJD,2023-11-14,10:02:29,2023-11-14,19:08:00,110
WPG,2023-11-14,10:02:29,2023-11-14,19:08:00,-130
FLA,2023-11-14,10:02:29,2023-11-14,21:38:00,-298
SJS,2023-11-14,10:02:29,2023-11-14,21:38:00,240
PHI,2023-11-15,11:24:11,2023-11-15,18:37:00,190
CAR,2023-11-15,11:24:11,2023-11-15,18:37:00,-230
SEA,2023-11-15,11:24:11,2023-11-15,19:37:00,154
EDM,2023-11-15,11:24:11,2023-11-15,19:37:00,-185
ANA,2023-11-15,11:24:11,2023-11-15,20:07:00,250
COL,2023-11-15,11:24:11,2023-11-15,20:07:00,-310
NYI,2023-11-15,11:24:11,2023-11-15,21:07:00,136
VAN,2023-11-15,11:24:11,2023-11-15,21:07:00,-162
DET,2023-11-16,10:01:57,2023-11-16,13:08:00,100
OTT,2023-11-16,10:01:57,2023-11-16,13:08:00,-120
VGK,2023-11-16,10:01:57,2023-11-16,18:08:00,-198
MTL,2023-11-16,10:01:57,2023-11-16,18:08:00,164
NJD,2023-11-16,10:01:57,2023-11-16,18:08:00,120
PIT,2023-11-16,10:01:57,2023-11-16,18:08:00,-142
ARI,2023-11-16,10:01:57,2023-11-16,18:08:00,-122
CBJ,2023-11-16,10:01:57,2023-11-16,18:08:00,102
TBL,2023-11-16,10:01:57,2023-11-16,19:08:00,-185
CHI,2023-11-16,10:01:57,2023-11-16,19:08:00,154
VAN,2023-11-16,10:01:57,2023-11-16,20:08:00,120
CGY,2023-11-16,10:01:57,2023-11-16,20:08:00,-142
NYI,2023-11-16,10:01:57,2023-11-16,21:08:00,-105
SEA,2023-11-16,10:01:57,2023-11-16,21:08:00,-115
STL,2023-11-16,10:01:57,2023-11-16,21:38:00,-205
SJS,2023-11-16,10:01:57,2023-11-16,21:38:00,170
FLA,2023-11-16,10:01:57,2023-11-16,21:38:00,110
LAK,2023-11-16,10:01:57,2023-11-16,21:38:00,-130
TOR,2023-11-17,09:47:10,2023-11-17,13:07:00,-170
DET,2023-11-17,09:47:10,2023-11-17,13:07:00,142
BUF,2023-11-17,09:47:10,2023-11-17,19:07:00,150
WPG,2023-11-17,09:47:10,2023-11-17,19:07:00,-180
FLA,2023-11-17,09:47:10,2023-11-17,21:07:00,-180
ANA,2023-11-17,09:47:10,2023-11-17,21:07:00,150
MIN,2023-11-18,06:47:15,2023-11-18,10:00:00,-112
OTT,2023-11-18,06:47:15,2023-11-18,10:00:00,-108
VGK,2023-11-18,06:47:15,2023-11-18,12:00:00,-170
PHI,2023-11-18,06:47:15,2023-11-18,12:00:00,142
CHI,2023-11-18,06:47:15,2023-11-18,13:00:00,164
NSH,2023-11-18,06:47:15,2023-11-18,13:00:00,-198
EDM,2023-11-18,06:47:15,2023-11-18,15:00:00,-120
TBL,2023-11-18,06:47:15,2023-11-18,15:00:00,100
MTL,2023-11-18,06:47:15,2023-11-18,18:00:00,225
BOS,2023-11-18,06:47:15,2023-11-18,18:00:00,-278
PIT,2023-11-18,06:47:15,2023-11-18,18:00:00,140
CAR,2023-11-18,06:47:15,2023-11-18,18:00:00,-166
NYR,2023-11-18,06:47:15,2023-11-18,18:00:00,-110
NJD,2023-11-18,06:47:15,2023-11-18,18:00:00,-110
NYI,2023-11-18,06:47:15,2023-11-18,18:00:00,124
CGY,2023-11-18,06:47:15,2023-11-18,18:00:00,-148
ARI,2023-11-18,06:47:15,2023-11-18,18:00:00,154
WPG,2023-11-18,06:47:15,2023-11-18,18:00:00,-185
CBJ,2023-11-18,06:47:15,2023-11-18,18:30:00,140
WSH,2023-11-18,06:47:15,2023-11-18,18:30:00,-166
COL,2023-11-18,06:47:15,2023-11-18,19:00:00,110
DAL,2023-11-18,06:47:15,2023-11-18,19:00:00,-130
SEA,2023-11-18,06:47:15,2023-11-18,21:00:00,140
VAN,2023-11-18,06:47:15,2023-11-18,21:00:00,-166
STL,2023-11-18,06:47:15,2023-11-18,21:30:00,164
LAK,2023-11-18,06:47:15,2023-11-18,21:30:00,-198
CBJ,2023-11-19,08:38:00,2023-11-19,16:38:00,136
PHI,2023-11-19,08:38:00,2023-11-19,16:38:00,-162
VGK,2023-11-19,08:38:00,2023-11-19,17:08:00,-120
PIT,2023-11-19,08:38:00,2023-11-19,17:08:00,100
BUF,2023-11-19,08:38:00,2023-11-19,18:08:00,-180
CHI,2023-11-19,08:38:00,2023-11-19,18:08:00,145
STL,2023-11-19,08:38:00,2023-11-19,19:08:00,-105
ANA,2023-11-19,08:38:00,2023-11-19,19:08:00,115
BOS,2023-11-20,09:26:55,2023-11-20,18:08:00,-135
TBL,2023-11-20,09:26:55,2023-11-20,18:08:00,114
EDM,2023-11-20,09:26:55,2023-11-20,18:08:00,-105
FLA,2023-11-20,09:26:55,2023-11-20,18:08:00,-115
COL,2023-11-20,09:26:55,2023-11-20,19:08:00,-166
NSH,2023-11-20,09:26:55,2023-11-20,19:08:00,140
NYR,2023-11-20,09:26:55,2023-11-20,19:08:00,114
DAL,2023-11-20,09:26:55,2023-11-20,19:08:00,-135
LAK,2023-11-20,09:26:55,2023-11-20,20:08:00,-155
ARI,2023-11-20,09:26:55,2023-11-20,20:08:00,130
SJS,2023-11-20,09:26:55,2023-11-20,21:08:00,285
VAN,2023-11-20,09:26:55,2023-11-20,21:08:00,-360
CGY,2023-11-20,09:26:55,2023-11-20,21:08:00,-105
SEA,2023-11-20,09:26:55,2023-11-20,21:08:00,-115
NJD,2023-11-22,10:22:24,2023-11-22,12:08:00,-155
DET,2023-11-22,10:22:24,2023-11-22,12:08:00,130
BOS,2023-11-22,10:22:24,2023-11-22,12:08:00,-115
FLA,2023-11-22,10:22:24,2023-11-22,12:08:00,-105
EDM,2023-11-22,10:22:24,2023-11-22,12:08:00,120
CAR,2023-11-22,10:22:24,2023-11-22,12:08:00,-142
NYR,2023-11-22,10:22:24,2023-11-22,12:08:00,-112
PIT,2023-11-22,10:22:24,2023-11-22,12:08:00,-108
WPG,2023-11-22,10:22:24,2023-11-22,12:08:00,-105
TBL,2023-11-22,10:22:24,2023-11-22,12:08:00,-115
CHI,2023-11-22,10:22:24,2023-11-22,12:08:00,124
CBJ,2023-11-22,10:22:24,2023-11-22,12:08:00,-148
BUF,2023-11-22,10:22:24,2023-11-22,12:08:00,110
WSH,2023-11-22,10:22:24,2023-11-22,12:08:00,-130
PHI,2023-11-22,10:22:24,2023-11-22,12:38:00,120
NYI,2023-11-22,10:22:24,2023-11-22,12:38:00,-142
STL,2023-11-22,10:22:24,2023-11-22,14:08:00,-102
ARI,2023-11-22,10:22:24,2023-11-22,14:08:00,-118
CGY,2023-11-22,10:22:24,2023-11-22,14:08:00,-112
NSH,2023-11-22,10:22:24,2023-11-22,14:08:00,-108
VGK,2023-11-22,10:22:24,2023-11-22,14:38:00,114
DAL,2023-11-22,10:22:24,2023-11-22,14:38:00,-135
VAN,2023-11-22,10:22:24,2023-11-22,15:08:00,145
COL,2023-11-22,10:22:24,2023-11-22,15:08:00,-175
SJS,2023-11-22,10:22:24,2023-11-22,15:08:00,240
SEA,2023-11-22,10:22:24,2023-11-22,15:08:00,-298
MTL,2023-11-22,10:22:24,2023-11-22,15:08:00,102
ANA,2023-11-22,10:22:24,2023-11-22,15:08:00,-122
DET,2023-11-24,08:52:22,2023-11-24,06:08:00,180
BOS,2023-11-24,08:52:22,2023-11-24,06:08:00,-218
NYR,2023-11-24,08:52:22,2023-11-24,06:08:00,-142
PHI,2023-11-24,08:52:22,2023-11-24,06:08:00,120
TOR,2023-11-24,08:52:22,2023-11-24,07:08:00,-265
CHI,2023-11-24,08:52:22,2023-11-24,07:08:00,215
CBJ,2023-11-24,08:52:22,2023-11-24,08:08:00,210
NJD,2023-11-24,08:52:22,2023-11-24,08:08:00,-258
EDM,2023-11-24,08:52:22,2023-11-24,08:08:00,-130
WSH,2023-11-24,08:52:22,2023-11-24,08:08:00,110
NSH,2023-11-24,08:52:22,2023-11-24,08:08:00,-110
STL,2023-11-24,08:52:22,2023-11-24,08:08:00,-110
LAK,2023-11-24,08:52:22,2023-11-24,08:38:00,-198
ANA,2023-11-24,08:52:22,2023-11-24,08:38:00,164
MTL,2023-11-24,08:52:22,2023-11-24,08:38:00,-148
SJS,2023-11-24,08:52:22,2023-11-24,08:38:00,124
PIT,2023-11-24,08:52:22,2023-11-24,11:08:00,-118
BUF,2023-11-24,08:52:22,2023-11-24,11:08:00,-102
NYI,2023-11-24,08:52:22,2023-11-24,12:38:00,110
OTT,2023-11-24,08:52:22,2023-11-24,12:38:00,-130
TBL,2023-11-24,08:52:22,2023-11-24,13:08:00,142
CAR,2023-11-24,08:52:22,2023-11-24,13:08:00,-170
WPG,2023-11-24,08:52:22,2023-11-24,13:08:00,114
FLA,2023-11-24,08:52:22,2023-11-24,13:08:00,-135
COL,2023-11-24,08:52:22,2023-11-24,13:38:00,-130
MIN,2023-11-24,08:52:22,2023-11-24,13:38:00,110
CGY,2023-11-24,08:52:22,2023-11-24,13:38:00,150
DAL,2023-11-24,08:52:22,2023-11-24,13:38:00,-180
VAN,2023-11-24,08:52:22,2023-11-24,15:08:00,-115
SEA,2023-11-24,08:52:22,2023-11-24,15:08:00,-105
BOS,2023-11-25,10:26:45,2023-11-25,06:00:00,-118
NYR,2023-11-25,10:26:45,2023-11-25,06:00:00,-102
MTL,2023-11-25,10:26:45,2023-11-25,09:00:00,225
LAK,2023-11-25,10:26:45,2023-11-25,09:00:00,-278
BUF,2023-11-25,10:26:45,2023-11-25,12:00:00,140
NJD,2023-11-25,10:26:45,2023-11-25,12:00:00,-166
TOR,2023-11-25,10:26:45,2023-11-25,12:00:00,-118
PIT,2023-11-25,10:26:45,2023-11-25,12:00:00,-102
PHI,2023-11-25,10:26:45,2023-11-25,12:30:00,130
NYI,2023-11-25,10:26:45,2023-11-25,12:30:00,-155
ARI,2023-11-25,10:26:45,2023-11-25,15:00:00,195
VGK,2023-11-25,10:26:45,2023-11-25,15:00:00,-238
VAN,2023-11-25,10:26:45,2023-11-25,15:00:00,-285
SJS,2023-11-25,10:26:45,2023-11-25,15:00:00,230
CGY,2023-11-25,10:26:45,2023-11-25,15:00:00,142
COL,2023-11-25,10:26:45,2023-11-25,15:00:00,-170
MIN,2023-11-26,06:42:00,2023-11-26,06:08:00,-115
DET,2023-11-26,06:42:00,2023-11-26,06:08:00,-105
STL,2023-11-26,06:42:00,2023-11-26,07:08:00,-155
CHI,2023-11-26,06:42:00,2023-11-26,07:08:00,130
CBJ,2023-11-26,06:42:00,2023-11-26,10:08:00,225
CAR,2023-11-26,06:42:00,2023-11-26,10:08:00,-278
WPG,2023-11-26,06:42:00,2023-11-26,13:08:00,-120
NSH,2023-11-26,06:42:00,2023-11-26,13:08:00,100
ANA,2023-11-26,06:42:00,2023-11-26,14:08:00,215
EDM,2023-11-26,06:42:00,2023-11-26,14:08:00,-265
BOS,2023-11-27,10:29:14,2023-11-27,12:08:00,-258
CBJ,2023-11-27,10:29:14,2023-11-27,12:08:00,210
BUF,2023-11-27,10:29:14,2023-11-27,12:08:00,180
NYR,2023-11-27,10:29:14,2023-11-27,12:08:00,-218
FLA,2023-11-27,10:29:14,2023-11-27,12:08:00,-130
OTT,2023-11-27,10:29:14,2023-11-27,12:08:00,110
TBL,2023-11-27,10:29:14,2023-11-27,14:08:00,120
COL,2023-11-27,10:29:14,2023-11-27,14:08:00,-142
VGK,2023-11-27,10:29:14,2023-11-27,14:38:00,-115
CGY,2023-11-27,10:29:14,2023-11-27,14:38:00,-105
WSH,2023-11-27,10:29:14,2023-11-27,15:38:00,-218
SJS,2023-11-27,10:29:14,2023-11-27,15:38:00,180
FLA,2023-11-28,09:55:28,2023-11-28,12:00:00,120
TOR,2023-11-28,09:55:28,2023-11-28,12:00:00,-142
NYI,2023-11-28,09:55:28,2023-11-28,12:00:00,142
NJD,2023-11-28,09:55:28,2023-11-28,12:00:00,-170
CAR,2023-11-28,09:55:28,2023-11-28,12:30:00,-162
PHI,2023-11-28,09:55:28,2023-11-28,12:30:00,136
PIT,2023-11-28,09:55:28,2023-11-28,13:00:00,-120
NSH,2023-11-28,09:55:28,2023-11-28,13:00:00,100
DAL,2023-11-28,09:55:28,2023-11-28,13:00:00,-118
WPG,2023-11-28,09:55:28,2023-11-28,13:00:00,-102
STL,2023-11-28,09:55:28,2023-11-28,13:00:00,136
MIN,2023-11-28,09:55:28,2023-11-28,13:00:00,-162
SEA,2023-11-28,09:55:28,2023-11-28,13:30:00,-175
CHI,2023-11-28,09:55:28,2023-11-28,13:30:00,145
VGK,2023-11-28,09:55:28,2023-11-28,14:00:00,120
EDM,2023-11-28,09:55:28,2023-11-28,14:00:00,-142
TBL,2023-11-28,09:55:28,2023-11-28,14:00:00,-120
ARI,2023-11-28,09:55:28,2023-11-28,14:00:00,100
ANA,2023-11-28,09:55:28,2023-11-28,15:00:00,195
VAN,2023-11-28,09:55:28,2023-11-28,15:00:00,-238
MTL,2023-11-29,11:24:08,2023-11-29,12:08:00,110
CBJ,2023-11-29,11:24:08,2023-11-29,12:08:00,-130
DET,2023-11-29,11:24:08,2023-11-29,12:38:00,170
NYR,2023-11-29,11:24:08,2023-11-29,12:38:00,-205
WSH,2023-11-29,11:24:08,2023-11-29,15:38:00,180
LAK,2023-11-29,11:24:08,2023-11-29,15:38:00,-218
SJS,2023-11-30,10:01:20,2023-11-30,12:08:00,370
BOS,2023-11-30,10:01:20,2023-11-30,12:08:00,-485
CHI,2023-11-30,10:01:20,2023-11-30,12:08:00,185
DET,2023-11-30,10:01:20,2023-11-30,12:08:00,-225
FLA,2023-11-30,10:01:20,2023-11-30,12:08:00,-225
MTL,2023-11-30,10:01:20,2023-11-30,12:08:00,185
SEA,2023-11-30,10:01:20,2023-11-30,12:08:00,154
TOR,2023-11-30,10:01:20,2023-11-30,12:08:00,-185
PIT,2023-11-30,10:01:20,2023-11-30,12:08:00,120
TBL,2023-11-30,10:01:20,2023-11-30,12:08:00,-142
NJD,2023-11-30,10:01:20,2023-11-30,12:08:00,-142
PHI,2023-11-30,10:01:20,2023-11-30,12:08:00,120
NYI,2023-11-30,10:01:20,2023-11-30,12:38:00,164
CAR,2023-11-30,10:01:20,2023-11-30,12:38:00,-198
MIN,2023-11-30,10:01:20,2023-11-30,13:08:00,105
NSH,2023-11-30,10:01:20,2023-11-30,13:08:00,-125
EDM,2023-11-30,10:01:20,2023-11-30,13:08:00,-120
WPG,2023-11-30,10:01:20,2023-11-30,13:08:00,100
BUF,2023-11-30,10:01:20,2023-11-30,13:08:00,-102
STL,2023-11-30,10:01:20,2023-11-30,13:08:00,-118
COL,2023-11-30,10:01:20,2023-11-30,14:08:00,-205
ARI,2023-11-30,10:01:20,2023-11-30,14:08:00,170
DAL,2023-11-30,10:01:20,2023-11-30,14:08:00,-135
CGY,2023-11-30,10:01:20,2023-11-30,14:08:00,114
VGK,2023-11-30,10:01:20,2023-11-30,15:08:00,-102
VAN,2023-11-30,10:01:20,2023-11-30,15:08:00,-118
WSH,2023-11-30,10:01:20,2023-11-30,15:08:00,-110
ANA,2023-11-30,10:01:20,2023-11-30,15:08:00,-110
SJS,2023-12-01,11:27:22,2023-12-01,12:07:00,360
NJD,2023-12-01,11:27:22,2023-12-01,12:07:00,-470
OTT,2023-12-01,11:27:22,2023-12-01,12:07:00,-155
CBJ,2023-12-01,11:27:22,2023-12-01,12:07:00,130
TBL,2023-12-02,10:31:29,2023-12-02,07:07:00,130
DAL,2023-12-02,10:31:29,2023-12-02,07:07:00,-155
CHI,2023-12-02,10:31:29,2023-12-02,08:07:00,240
WPG,2023-12-02,10:31:29,2023-12-02,08:07:00,-298
NYR,2023-12-02,10:31:29,2023-12-02,09:37:00,-142
NSH,2023-12-02,10:31:29,2023-12-02,09:37:00,120
NYI,2023-12-02,10:31:29,2023-12-02,11:07:00,145
FLA,2023-12-02,10:31:29,2023-12-02,11:07:00,-175
BUF,2023-12-02,10:31:29,2023-12-02,12:07:00,200
CAR,2023-12-02,10:31:29,2023-12-02,12:07:00,-245
PHI,2023-12-02,10:31:29,2023-12-02,12:07:00,145
PIT,2023-12-02,10:31:29,2023-12-02,12:07:00,-175
DET,2023-12-02,10:31:29,2023-12-02,12:07:00,-155
MTL,2023-12-02,10:31:29,2023-12-02,12:07:00,130
BOS,2023-12-02,10:31:29,2023-12-02,12:07:00,-115
TOR,2023-12-02,10:31:29,2023-12-02,12:07:00,-105
SEA,2023-12-02,10:31:29,2023-12-02,12:07:00,-102
OTT,2023-12-02,10:31:29,2023-12-02,12:07:00,-118
STL,2023-12-02,10:31:29,2023-12-02,14:07:00,105
ARI,2023-12-02,10:31:29,2023-12-02,14:07:00,-125
WSH,2023-12-02,10:31:29,2023-12-02,15:07:00,160
VGK,2023-12-02,10:31:29,2023-12-02,15:07:00,-192
COL,2023-12-02,10:31:29,2023-12-02,15:07:00,-230
ANA,2023-12-02,10:31:29,2023-12-02,15:07:00,190
VAN,2023-12-02,10:31:29,2023-12-02,15:07:00,102
CGY,2023-12-02,10:31:29,2023-12-02,15:07:00,-122
CHI,2023-12-03,09:51:37,2023-12-03,07:08:00,245
MIN,2023-12-03,09:51:37,2023-12-03,07:08:00,-305
SJS,2023-12-03,09:51:37,2023-12-03,11:08:00,340
NYR,2023-12-03,09:51:37,2023-12-03,11:08:00,-440
CBJ,2023-12-03,09:51:37,2023-12-03,12:08:00,215
BOS,2023-12-03,09:51:37,2023-12-03,12:08:00,-265
NSH,2023-12-03,09:51:37,2023-12-03,12:08:00,-108
BUF,2023-12-03,09:51:37,2023-12-03,12:08:00,-112
COL,2023-12-03,09:51:37,2023-12-03,13:08:00,110
LAK,2023-12-03,09:51:37,2023-12-03,13:08:00,-130
DAL,2023-12-04,10:07:24,2023-12-04,12:08:00,-115
TBL,2023-12-04,10:07:24,2023-12-04,12:08:00,-105
PIT,2023-12-04,10:07:24,2023-12-04,12:08:00,-130
PHI,2023-12-04,10:07:24,2023-12-04,12:08:00,110
CAR,2023-12-04,10:07:24,2023-12-04,12:38:00,-125
WPG,2023-12-04,10:07:24,2023-12-04,12:38:00,105
SEA,2023-12-04,10:07:24,2023-12-04,12:38:00,-148
MTL,2023-12-04,10:07:24,2023-12-04,12:38:00,124
WSH,2023-12-04,10:07:24,2023-12-04,14:08:00,102
ARI,2023-12-04,10:07:24,2023-12-04,14:08:00,-122
STL,2023-12-04,10:07:24,2023-12-04,15:08:00,164
VGK,2023-12-04,10:07:24,2023-12-04,15:08:00,-198
NYR,2023-12-05,10:06:36,2023-12-05,12:00:00,-142
OTT,2023-12-05,10:06:36,2023-12-05,12:00:00,120
LAK,2023-12-05,10:06:36,2023-12-05,12:00:00,-218
CBJ,2023-12-05,10:06:36,2023-12-05,12:00:00,180
SJS,2023-12-05,10:06:36,2023-12-05,12:30:00,235
NYI,2023-12-05,10:06:36,2023-12-05,12:30:00,-290
DET,2023-12-05,10:06:36,2023-12-05,12:30:00,-125
BUF,2023-12-05,10:06:36,2023-12-05,12:30:00,105
NSH,2023-12-05,10:06:36,2023-12-05,13:30:00,-185
CHI,2023-12-05,10:06:36,2023-12-05,13:30:00,154
ANA,2023-12-05,10:06:36,2023-12-05,14:00:00,250
COL,2023-12-05,10:06:36,2023-12-05,14:00:00,-310
MIN,2023-12-05,10:06:36,2023-12-05,14:00:00,-112
CGY,2023-12-05,10:06:36,2023-12-05,14:00:00,-108
NJD,2023-12-05,10:06:36,2023-12-05,15:00:00,-110
VAN,2023-12-05,10:06:36,2023-12-05,15:00:00,-110
DAL,2023-12-06,10:44:43,2023-12-06,12:08:00,105
FLA,2023-12-06,10:44:43,2023-12-06,12:08:00,-125
PIT,2023-12-06,10:44:43,2023-12-06,12:08:00,114
TBL,2023-12-06,10:44:43,2023-12-06,12:08:00,-135
VGK,2023-12-06,10:44:43,2023-12-06,14:08:00,-155
STL,2023-12-06,10:44:43,2023-12-06,14:08:00,130
CAR,2023-12-06,10:44:43,2023-12-06,14:38:00,105
EDM,2023-12-06,10:44:43,2023-12-06,14:38:00,-125
SJS,2023-12-07,10:03:55,2023-12-07,12:00:00,240
DET,2023-12-07,10:03:55,2023-12-07,12:00:00,-298
BUF,2023-12-07,10:03:55,2023-12-07,12:00:00,220
BOS,2023-12-07,10:03:55,2023-12-07,12:00:00,-270
LAK,2023-12-07,10:03:55,2023-12-07,12:00:00,-225
MTL,2023-12-07,10:03:55,2023-12-07,12:00:00,185
TOR,2023-12-07,10:03:55,2023-12-07,12:00:00,-130
OTT,2023-12-07,10:03:55,2023-12-07,12:00:00,110
CBJ,2023-12-07,10:03:55,2023-12-07,12:30:00,160
NYI,2023-12-07,10:03:55,2023-12-07,12:30:00,-192
TBL,2023-12-07,10:03:55,2023-12-07,13:00:00,110
NSH,2023-12-07,10:03:55,2023-12-07,13:00:00,-130
DAL,2023-12-07,10:03:55,2023-12-07,13:00:00,-135
WSH,2023-12-07,10:03:55,2023-12-07,13:00:00,114
ANA,2023-12-07,10:03:55,2023-12-07,13:30:00,-115
CHI,2023-12-07,10:03:55,2023-12-07,13:30:00,-105
WPG,2023-12-07,10:03:55,2023-12-07,14:00:00,114
COL,2023-12-07,10:03:55,2023-12-07,14:00:00,-135
CAR,2023-12-07,10:03:55,2023-12-07,14:00:00,-122
CGY,2023-12-07,10:03:55,2023-12-07,14:00:00,102
PHI,2023-12-07,10:03:55,2023-12-07,14:00:00,-108
ARI,2023-12-07,10:03:55,2023-12-07,14:00:00,-112
MIN,2023-12-07,10:03:55,2023-12-07,15:00:00,105
VAN,2023-12-07,10:03:55,2023-12-07,15:00:00,-125
NJD,2023-12-07,10:03:55,2023-12-07,15:30:00,-148
SEA,2023-12-07,10:03:55,2023-12-07,15:30:00,124
PIT,2023-12-08,12:44:26,2023-12-08,12:07:00,140
FLA,2023-12-08,12:44:26,2023-12-08,12:07:00,-166
STL,2023-12-08,12:44:26,2023-12-08,12:07:00,-142
CBJ,2023-12-08,12:44:26,2023-12-08,12:07:00,120
MIN,2023-12-08,12:44:26,2023-12-08,14:07:00,160
EDM,2023-12-08,12:44:26,2023-12-08,14:07:00,-192
ARI,2023-12-09,10:04:08,2023-12-09,06:00:00,195
BOS,2023-12-09,10:04:08,2023-12-09,06:00:00,-238
VGK,2023-12-09,10:04:08,2023-12-09,09:00:00,114
DAL,2023-12-09,10:04:08,2023-12-09,09:00:00,-135
NJD,2023-12-09,10:04:08,2023-12-09,09:00:00,-122
CGY,2023-12-09,10:04:08,2023-12-09,09:00:00,102
NYR,2023-12-09,10:04:08,2023-12-09,12:00:00,-185
WSH,2023-12-09,10:04:08,2023-12-09,12:00:00,154
NSH,2023-12-09,10:04:08,2023-12-09,12:00:00,130
TOR,2023-12-09,10:04:08,2023-12-09,12:00:00,-155
OTT,2023-12-09,10:04:08,2023-12-09,12:00:00,102
DET,2023-12-09,10:04:08,2023-12-09,12:00:00,-122
MTL,2023-12-09,10:04:08,2023-12-09,12:00:00,150
BUF,2023-12-09,10:04:08,2023-12-09,12:00:00,-180
LAK,2023-12-09,10:04:08,2023-12-09,12:30:00,-148
NYI,2023-12-09,10:04:08,2023-12-09,12:30:00,124
STL,2023-12-09,10:04:08,2023-12-09,13:00:00,-135
CHI,2023-12-09,10:04:08,2023-12-09,13:00:00,114
PHI,2023-12-09,10:04:08,2023-12-09,14:00:00,180
COL,2023-12-09,10:04:08,2023-12-09,14:00:00,-218
CAR,2023-12-09,10:04:08,2023-12-09,15:00:00,-130
VAN,2023-12-09,10:04:08,2023-12-09,15:00:00,110
TBL,2023-12-09,10:04:08,2023-12-09,15:00:00,-125
SEA,2023-12-09,10:04:08,2023-12-09,15:00:00,105
FLA,2023-12-10,07:37:34,2023-12-10,06:08:00,-250
CBJ,2023-12-10,07:37:34,2023-12-10,06:08:00,205
NJD,2023-12-10,07:37:34,2023-12-10,09:08:00,130
EDM,2023-12-10,07:37:34,2023-12-10,09:08:00,-155
NSH,2023-12-10,07:37:34,2023-12-10,12:08:00,-162
MTL,2023-12-10,07:37:34,2023-12-10,12:08:00,136
WSH,2023-12-10,07:37:34,2023-12-10,12:08:00,-162
CHI,2023-12-10,07:37:34,2023-12-10,12:08:00,136
LAK,2023-12-10,07:37:34,2023-12-10,12:08:00,102
NYR,2023-12-10,07:37:34,2023-12-10,12:08:00,-122
WPG,2023-12-10,07:37:34,2023-12-10,13:08:00,-198
ANA,2023-12-10,07:37:34,2023-12-10,13:08:00,164
MIN,2023-12-10,07:37:34,2023-12-10,14:08:00,-130
SEA,2023-12-10,07:37:34,2023-12-10,14:08:00,110
SJS,2023-12-10,07:37:34,2023-12-10,15:08:00,270
VGK,2023-12-10,07:37:34,2023-12-10,15:08:00,-340
TOR,2023-12-11,09:40:31,2023-12-11,12:08:00,-130
NYI,2023-12-11,09:40:31,2023-12-11,12:08:00,110
ARI,2023-12-11,09:40:31,2023-12-11,12:08:00,110
BUF,2023-12-11,09:40:31,2023-12-11,12:08:00,-130
DET,2023-12-11,09:40:31,2023-12-11,13:08:00,170
DAL,2023-12-11,09:40:31,2023-12-11,13:08:00,-205
CGY,2023-12-11,09:40:31,2023-12-11,14:38:00,150
COL,2023-12-11,09:40:31,2023-12-11,14:38:00,-180
CAR,2023-12-12,11:52:29,2023-12-12,12:08:00,-135
OTT,2023-12-12,11:52:29,2023-12-12,12:08:00,114
TOR,2023-12-12,11:52:29,2023-12-12,12:08:00,150
NYR,2023-12-12,11:52:29,2023-12-12,12:08:00,-180
ARI,2023-12-12,11:52:29,2023-12-12,12:08:00,160
PIT,2023-12-12,11:52:29,2023-12-12,12:08:00,-192
DET,2023-12-12,11:52:29,2023-12-12,12:38:00,114
STL,2023-12-12,11:52:29,2023-12-12,12:38:00,-135
PHI,2023-12-12,11:52:29,2023-12-12,13:08:00,120
NSH,2023-12-12,11:52:29,2023-12-12,13:08:00,-142
TBL,2023-12-12,11:52:29,2023-12-12,15:08:00,105
VAN,2023-12-12,11:52:29,2023-12-12,15:08:00,-125
FLA,2023-12-12,11:52:29,2023-12-12,15:08:00,-170
SEA,2023-12-12,11:52:29,2023-12-12,15:08:00,142
CHI,2023-12-12,11:52:29,2023-12-12,15:08:00,370
EDM,2023-12-12,11:52:29,2023-12-12,15:08:00,-485
CGY,2023-12-12,11:52:29,2023-12-12,15:08:00,164
VGK,2023-12-12,11:52:29,2023-12-12,15:08:00,-198
WPG,2023-12-12,11:52:29,2023-12-12,15:38:00,-218
SJS,2023-12-12,11:52:29,2023-12-12,15:38:00,180
PIT,2023-12-13,09:44:33,2023-12-13,12:00:00,-155
MTL,2023-12-13,09:44:33,2023-12-13,12:00:00,130
BOS,2023-12-13,09:44:33,2023-12-13,12:30:00,105
NJD,2023-12-13,09:44:33,2023-12-13,12:30:00,-125
ANA,2023-12-13,09:44:33,2023-12-13,12:30:00,185
NYI,2023-12-13,09:44:33,2023-12-13,12:30:00,-225
BUF,2023-12-13,09:44:33,2023-12-13,15:00:00,170
COL,2023-12-13,09:44:33,2023-12-13,15:00:00,-205
WPG,2023-12-13,09:44:33,2023-12-13,15:30:00,154
LAK,2023-12-13,09:44:33,2023-12-13,15:30:00,-185
WSH,2023-12-14,10:09:11,2023-12-14,12:08:00,114
PHI,2023-12-14,10:09:11,2023-12-14,12:08:00,-135
CBJ,2023-12-14,10:09:11,2023-12-14,12:08:00,210
TOR,2023-12-14,10:09:11,2023-12-14,12:08:00,-258
CAR,2023-12-14,10:09:11,2023-12-14,12:30:00,-175
DET,2023-12-14,10:09:11,2023-12-14,12:30:00,145
CGY,2023-12-14,10:09:11,2023-12-14,13:08:00,130
MIN,2023-12-14,10:09:11,2023-12-14,13:08:00,-155
OTT,2023-12-14,10:09:11,2023-12-14,13:08:00,-118
STL,2023-12-14,10:09:11,2023-12-14,13:08:00,-102
TBL,2023-12-14,10:09:11,2023-12-14,14:08:00,142
EDM,2023-12-14,10:09:11,2023-12-14,14:08:00,-170
CHI,2023-12-14,10:09:11,2023-12-14,15:08:00,190
SEA,2023-12-14,10:09:11,2023-12-14,15:08:00,-230
FLA,2023-12-14,10:09:11,2023-12-14,15:08:00,-115
VAN,2023-12-14,10:09:11,2023-12-14,15:08:00,-105
